time,commanded_deg,real_deg,sim_deg,error_deg,real_vel_deg_s,sim_vel_deg_s,experiment_id,load_condition
0.000523,0.0,1.1426,1.3846,-0.2420,0.0,0.088,triangle,no_load
0.011573,0.0,1.1426,1.3854,-0.2428,0.0,0.087,triangle,no_load
0.022412,0.0,1.1426,1.3863,-0.2437,0.0,0.087,triangle,no_load
0.033239,0.0,1.1426,1.3872,-0.2446,0.0,0.086,triangle,no_load
0.043943,0.0,1.1426,1.3880,-0.2454,0.0,0.086,triangle,no_load
0.055363,0.0,1.1426,1.3893,-0.2467,0.0,0.085,triangle,no_load
0.066134,0.0,1.1426,1.3901,-0.2475,0.0,0.084,triangle,no_load
0.076445,0.0,1.1426,1.3581,-0.2155,0.0,-3.201,triangle,no_load
0.086842,0.0,1.1426,1.2982,-0.1556,0.0,-5.999,triangle,no_load
0.09702,0.0,1.1426,1.2238,-0.0812,0.0,-7.434,triangle,no_load
0.107134,0.0,1.1426,1.1442,-0.0016,0.0,-7.961,triangle,no_load
0.117222,0.0,1.1426,1.0652,0.0774,0.0,-7.904,triangle,no_load
0.127653,0.0,1.1426,0.9903,0.1523,0.0,-7.490,triangle,no_load
0.137769,0.0,1.1426,0.9215,0.2211,0.0,-6.876,triangle,no_load
0.148321,0.0,1.1426,0.8598,0.2828,0.0,-6.169,triangle,no_load
0.158929,0.0,1.1426,0.8054,0.3372,0.0,-5.439,triangle,no_load
0.169221,0.0,1.1426,0.7581,0.3845,0.0,-4.729,triangle,no_load
0.179591,0.0,1.1426,0.7175,0.4251,0.0,-4.065,triangle,no_load
0.190286,0.0,1.1426,0.6676,0.4750,0.0,-3.325,triangle,no_load
0.200685,0.0,1.1426,0.6408,0.5018,0.0,-2.682,triangle,no_load
0.210866,0.0,1.1426,0.6184,0.5242,0.0,-2.244,triangle,no_load
0.221408,0.0,1.1426,0.5997,0.5429,0.0,-1.866,triangle,no_load
0.231634,0.0,1.1426,0.5843,0.5583,0.0,-1.545,triangle,no_load
0.24186,0.0,1.1426,0.5715,0.5711,0.0,-1.273,triangle,no_load
0.25219,0.0,1.1426,0.5611,0.5815,0.0,-1.045,triangle,no_load
0.263173,0.0,1.1426,0.5525,0.5901,0.0,-0.854,triangle,no_load
0.273748,0.0,1.1426,0.5456,0.5970,0.0,-0.696,triangle,no_load
0.284533,0.0,1.1426,0.5399,0.6027,0.0,-0.566,triangle,no_load
0.294917,0.0,1.1426,0.5353,0.6073,0.0,-0.458,triangle,no_load
0.305144,0.0,1.1426,0.5301,0.6125,0.0,-0.352,triangle,no_load
0.315581,0.0,1.1426,0.5274,0.6152,0.0,-0.267,triangle,no_load
0.326273,0.0,1.1426,0.5252,0.6174,0.0,-0.215,triangle,no_load
0.336707,0.0,1.1426,0.5235,0.6191,0.0,-0.172,triangle,no_load
0.347731,0.0,1.1426,0.5221,0.6205,0.0,-0.138,triangle,no_load
0.357837,0.0,1.1426,0.5210,0.6216,0.0,-0.118,triangle,no_load
0.368194,0.0,1.1426,0.5198,0.6228,0.0,-0.111,triangle,no_load
0.378872,0.0,1.1426,0.5188,0.6238,0.0,-0.107,triangle,no_load
0.389253,0.0,1.1426,0.5177,0.6249,0.0,-0.106,triangle,no_load
0.399835,0.0,1.1426,0.5167,0.6259,0.0,-0.104,triangle,no_load
0.410275,0.0,1.1426,0.5151,0.6275,0.0,-0.103,triangle,no_load
0.420513,0.0,1.1426,0.5141,0.6285,0.0,-0.102,triangle,no_load
0.430898,0.0,1.1426,0.5131,0.6295,0.0,-0.102,triangle,no_load
0.441054,0.0,1.1426,0.5121,0.6305,0.0,-0.101,triangle,no_load
0.451187,0.0,1.1426,0.5111,0.6315,0.0,-0.100,triangle,no_load
0.461604,0.0,1.1426,0.5101,0.6325,0.0,-0.100,triangle,no_load
0.472085,0.0,1.1426,0.5091,0.6335,0.0,-0.099,triangle,no_load
0.483052,0.0,1.1426,0.5081,0.6345,0.0,-0.098,triangle,no_load
0.493564,0.0,1.1426,0.5071,0.6355,0.0,-0.098,triangle,no_load
0.504299,0.0,1.1426,0.5062,0.6364,0.0,-0.097,triangle,no_load
0.514413,0.0,1.1426,0.5052,0.6374,0.0,-0.096,triangle,no_load
0.524646,0.0,1.1426,0.5042,0.6384,0.0,-0.096,triangle,no_load
0.534905,0.0,1.1426,0.5033,0.6393,0.0,-0.095,triangle,no_load
0.545096,0.0,1.1426,0.5019,0.6407,0.0,-0.094,triangle,no_load
0.555203,0.0,1.1426,0.5009,0.6417,0.0,-0.093,triangle,no_load
0.565584,0.0,1.1426,0.5000,0.6426,0.0,-0.093,triangle,no_load
0.576133,0.0,1.1426,0.4991,0.6435,0.0,-0.092,triangle,no_load
0.5865,0.0,1.1426,0.4982,0.6444,0.0,-0.091,triangle,no_load
0.59718,0.0,1.1426,0.4973,0.6453,0.0,-0.091,triangle,no_load
0.607302,0.0,1.1426,0.4964,0.6462,0.0,-0.090,triangle,no_load
0.61776,0.0,1.1426,0.4955,0.6471,0.0,-0.089,triangle,no_load
0.627884,0.0,1.1426,0.4946,0.6480,0.0,-0.089,triangle,no_load
0.638044,0.0,1.1426,0.4937,0.6489,0.0,-0.088,triangle,no_load
0.648382,0.0,1.1426,0.4928,0.6498,0.0,-0.088,triangle,no_load
0.658474,0.0,1.1426,0.4920,0.6506,0.0,-0.087,triangle,no_load
0.669148,0.0,1.1426,0.4911,0.6515,0.0,-0.086,triangle,no_load
0.679676,0.0,1.1426,0.4902,0.6524,0.0,-0.086,triangle,no_load
0.690079,0.0,1.1426,0.4890,0.6536,0.0,-0.085,triangle,no_load
0.700596,0.0,1.1426,0.4881,0.6545,0.0,-0.084,triangle,no_load
0.711138,0.0,1.1426,0.4873,0.6553,0.0,-0.084,triangle,no_load
0.721977,0.0,1.1426,0.4865,0.6561,0.0,-0.083,triangle,no_load
0.732938,0.0,1.1426,0.4856,0.6570,0.0,-0.083,triangle,no_load
0.743486,0.0,1.1426,0.4848,0.6578,0.0,-0.082,triangle,no_load
0.753888,0.0,1.1426,0.4840,0.6586,0.0,-0.081,triangle,no_load
0.764097,0.0,1.1426,0.4832,0.6594,0.0,-0.081,triangle,no_load
0.774379,0.0,1.1426,0.4824,0.6602,0.0,-0.080,triangle,no_load
0.784721,0.0,1.1426,0.4816,0.6610,0.0,-0.080,triangle,no_load
0.795085,0.0,1.1426,0.4804,0.6622,0.0,-0.079,triangle,no_load
0.805853,0.0,1.1426,0.4796,0.6630,0.0,-0.078,triangle,no_load
0.816175,0.0,1.1426,0.4789,0.6637,0.0,-0.078,triangle,no_load
0.826295,0.0,1.1426,0.4781,0.6645,0.0,-0.077,triangle,no_load
0.836943,0.0,1.1426,0.4773,0.6653,0.0,-0.077,triangle,no_load
0.847313,0.0,1.1426,0.4766,0.6660,0.0,-0.076,triangle,no_load
0.858142,0.0,1.1426,0.4758,0.6668,0.0,-0.076,triangle,no_load
0.868373,0.0,1.1426,0.4750,0.6676,0.0,-0.075,triangle,no_load
0.8785,0.0,1.1426,0.4743,0.6683,0.0,-0.075,triangle,no_load
0.888871,0.0,1.1426,0.4736,0.6690,0.0,-0.074,triangle,no_load
0.899426,0.0,1.1426,0.4728,0.6698,0.0,-0.074,triangle,no_load
0.909951,0.0,1.1426,0.4721,0.6705,0.0,-0.073,triangle,no_load
0.920435,0.0,1.1426,0.4710,0.6716,0.0,-0.072,triangle,no_load
0.930544,0.0,1.1426,0.4703,0.6723,0.0,-0.072,triangle,no_load
0.940733,0.0,1.1426,0.4696,0.6730,0.0,-0.071,triangle,no_load
0.950895,0.0,1.1426,0.4689,0.6737,0.0,-0.071,triangle,no_load
0.961197,0.0,1.1426,0.4682,0.6744,0.0,-0.070,triangle,no_load
0.971455,0.0,1.1426,0.4675,0.6751,0.0,-0.070,triangle,no_load
0.981592,0.0,1.1426,0.4668,0.6758,0.0,-0.069,triangle,no_load
0.992285,0.0,1.1426,0.4661,0.6765,0.0,-0.069,triangle,no_load
1.003706,28.3447,1.1426,0.4654,0.6772,0.0,-0.068,triangle,no_load
1.014015,28.3447,1.1426,0.4647,0.6779,0.0,-0.068,triangle,no_load
1.024636,28.3447,1.1426,0.4641,0.6785,0.0,-0.067,triangle,no_load
1.034988,28.3447,1.1426,0.4634,0.6792,0.0,-0.067,triangle,no_load
1.045539,28.3447,1.1426,0.4624,0.6802,0.0,-0.066,triangle,no_load
1.056061,28.3447,1.3184,0.4617,0.8567,16.708,-0.066,triangle,no_load
1.066511,28.3447,1.5820,0.4611,1.1209,25.225,-0.065,triangle,no_load
1.077374,28.3447,2.1094,0.8523,1.2571,48.55,39.127,triangle,no_load
1.087689,28.3447,2.8125,1.6869,1.1256,68.163,83.454,triangle,no_load
1.098006,28.3447,3.6035,2.8856,0.7179,76.67,119.874,triangle,no_load
1.108262,28.3447,4.6582,4.3838,0.2744,102.837,149.813,triangle,no_load
1.118991,28.3447,5.9766,6.1280,-0.1514,122.882,174.422,triangle,no_load
1.129862,28.3447,7.4707,8.0744,-0.6037,137.439,194.646,triangle,no_load
1.140242,28.3447,9.2285,11.2779,-2.0494,169.345,213.564,triangle,no_load
1.151105,28.3447,11.1621,13.4383,-2.2762,177.999,216.040,triangle,no_load
1.161454,28.3447,12.8320,15.4917,-2.6597,161.359,205.337,triangle,no_load
1.172068,28.3447,14.6777,17.3808,-2.7031,173.893,188.908,triangle,no_load
1.183024,28.3447,16.5234,19.0782,-2.5548,168.465,169.740,triangle,no_load
1.193908,28.3447,18.1934,20.5762,-2.3828,153.436,149.801,triangle,no_load
1.204238,28.3447,19.5996,21.8796,-2.2800,136.128,130.342,triangle,no_load
1.214525,28.3447,21.0059,23.0007,-1.9948,136.707,112.111,triangle,no_load
1.224847,28.3447,22.0605,23.9558,-1.8953,102.17,95.509,triangle,no_load
1.235344,28.3447,23.1152,25.1166,-2.0014,100.476,77.386,triangle,no_load
1.245894,28.3447,23.9063,25.7355,-1.8292,74.986,61.890,triangle,no_load
1.256198,28.3447,24.5215,26.2502,-1.7287,59.705,51.470,triangle,no_load
1.267217,28.3447,25.0488,26.6760,-1.6272,47.854,42.586,triangle,no_load
1.277426,28.3447,25.4883,27.0268,-1.5385,43.05,35.073,triangle,no_load
1.287658,28.3447,25.7520,27.3144,-1.5624,25.772,28.765,triangle,no_load
1.297865,28.3447,26.1035,27.5494,-1.4459,34.437,23.501,triangle,no_load
1.308122,28.3447,26.3672,27.7408,-1.3736,25.709,19.134,triangle,no_load
1.318336,28.3447,26.6309,27.8960,-1.2651,25.818,15.527,triangle,no_load
1.329282,28.3447,26.8945,28.0216,-1.1271,24.082,12.562,triangle,no_load
1.33951,28.3447,27.0703,28.1230,-1.0527,17.188,10.134,triangle,no_load
1.34974,28.3447,27.2461,28.2045,-0.9584,17.185,8.153,triangle,no_load
1.359876,28.3447,27.4219,28.2699,-0.8480,17.344,6.542,triangle,no_load
1.370943,28.3447,27.5098,28.3444,-0.8346,7.943,4.964,triangle,no_load
1.381082,28.3447,27.6855,28.3817,-0.6962,17.329,3.734,triangle,no_load
1.391312,28.3447,27.6855,28.4115,-0.7260,0.0,2.972,triangle,no_load
1.401465,28.3447,27.7734,28.4351,-0.6617,8.658,2.361,triangle,no_load
1.412436,28.3447,27.8613,28.4538,-0.5925,8.012,1.871,triangle,no_load
1.422909,28.3447,28.0371,28.4686,-0.4315,16.786,1.480,triangle,no_load
1.433483,28.3447,28.0371,28.4802,-0.4431,0.0,1.168,triangle,no_load
1.443659,28.3447,28.0371,28.4894,-0.4523,0.0,0.920,triangle,no_load
1.454378,28.3447,28.0371,28.4967,-0.4596,0.0,0.723,triangle,no_load
1.464593,28.3447,28.0371,28.5023,-0.4652,0.0,0.567,triangle,no_load
1.474998,28.3447,28.0371,28.5068,-0.4697,0.0,0.444,triangle,no_load
1.485847,28.3447,28.0371,28.5117,-0.4746,0.0,0.327,triangle,no_load
1.496395,28.3447,28.0371,28.5141,-0.4770,0.0,0.239,triangle,no_load
1.506598,28.3447,28.0371,28.5159,-0.4788,0.0,0.186,triangle,no_load
1.516888,28.3447,28.0371,28.5174,-0.4803,0.0,0.144,triangle,no_load
1.527423,28.3447,28.0371,28.5186,-0.4815,0.0,0.120,triangle,no_load
1.537732,28.3447,28.0371,28.5197,-0.4826,0.0,0.111,triangle,no_load
1.548416,28.3447,28.0371,28.5208,-0.4837,0.0,0.107,triangle,no_load
1.558601,28.3447,28.0371,28.5218,-0.4847,0.0,0.105,triangle,no_load
1.569117,28.3447,28.0371,28.5229,-0.4858,0.0,0.104,triangle,no_load
1.579273,28.3447,28.0371,28.5239,-0.4868,0.0,0.103,triangle,no_load
1.589613,28.3447,28.0371,28.5249,-0.4878,0.0,0.102,triangle,no_load
1.600078,28.3447,28.0371,28.5264,-0.4893,0.0,0.102,triangle,no_load
1.61074,28.3447,28.0371,28.5275,-0.4904,0.0,0.101,triangle,no_load
1.621266,28.3447,28.0371,28.5285,-0.4914,0.0,0.100,triangle,no_load
1.631861,28.3447,28.0371,28.5294,-0.4923,0.0,0.099,triangle,no_load
1.642345,28.3447,28.0371,28.5304,-0.4933,0.0,0.099,triangle,no_load
1.652799,28.3447,28.0371,28.5314,-0.4943,0.0,0.098,triangle,no_load
1.663147,28.3447,28.0371,28.5324,-0.4953,0.0,0.097,triangle,no_load
1.673439,28.3447,28.0371,28.5333,-0.4962,0.0,0.097,triangle,no_load
1.683772,28.3447,28.0371,28.5343,-0.4972,0.0,0.096,triangle,no_load
1.693976,28.3447,28.0371,28.5353,-0.4982,0.0,0.095,triangle,no_load
1.704696,28.3447,28.0371,28.5362,-0.4991,0.0,0.095,triangle,no_load
1.715251,28.3447,28.0371,28.5376,-0.5005,0.0,0.094,triangle,no_load
1.725881,28.3447,28.0371,28.5385,-0.5014,0.0,0.093,triangle,no_load
1.736222,28.3447,28.0371,28.5395,-0.5024,0.0,0.092,triangle,no_load
1.746506,28.3447,28.0371,28.5404,-0.5033,0.0,0.092,triangle,no_load
1.756911,28.3447,28.0371,28.5413,-0.5042,0.0,0.091,triangle,no_load
1.768144,28.3447,28.0371,28.5422,-0.5051,0.0,0.090,triangle,no_load
1.77891,28.3447,28.0371,28.5431,-0.5060,0.0,0.090,triangle,no_load
1.789299,28.3447,28.0371,28.5440,-0.5069,0.0,0.089,triangle,no_load
1.799492,28.3447,28.0371,28.5449,-0.5078,0.0,0.088,triangle,no_load
1.810008,28.3447,28.0371,28.5462,-0.5091,0.0,0.088,triangle,no_load
1.820351,28.3447,28.0371,28.5470,-0.5099,0.0,0.087,triangle,no_load
1.830643,28.3447,28.0371,28.5479,-0.5108,0.0,0.086,triangle,no_load
1.840941,28.3447,28.0371,28.5488,-0.5117,0.0,0.086,triangle,no_load
1.851655,28.3447,28.0371,28.5496,-0.5125,0.0,0.085,triangle,no_load
1.861848,28.3447,28.0371,28.5505,-0.5134,0.0,0.085,triangle,no_load
1.872323,28.3447,28.0371,28.5513,-0.5142,0.0,0.084,triangle,no_load
1.883408,28.3447,28.0371,28.5521,-0.5150,0.0,0.083,triangle,no_load
1.893602,28.3447,28.0371,28.5530,-0.5159,0.0,0.083,triangle,no_load
1.904072,28.3447,28.0371,28.5538,-0.5167,0.0,0.082,triangle,no_load
1.914866,28.3447,28.0371,28.5546,-0.5175,0.0,0.082,triangle,no_load
1.925058,28.3447,28.0371,28.5558,-0.5187,0.0,0.081,triangle,no_load
1.935416,28.3447,28.0371,28.5566,-0.5195,0.0,0.080,triangle,no_load
1.946007,28.3447,28.0371,28.5574,-0.5203,0.0,0.080,triangle,no_load
1.95636,28.3447,28.0371,28.5582,-0.5211,0.0,0.079,triangle,no_load
1.966708,28.3447,28.0371,28.5590,-0.5219,0.0,0.079,triangle,no_load
1.977256,28.3447,28.0371,28.5598,-0.5227,0.0,0.078,triangle,no_load
1.987529,28.3447,28.0371,28.5605,-0.5234,0.0,0.077,triangle,no_load
1.997646,28.3447,28.0371,28.5613,-0.5242,0.0,0.077,triangle,no_load
2.00776,28.3447,28.0371,28.5621,-0.5250,0.0,0.076,triangle,no_load
2.018003,28.3447,28.0371,28.5628,-0.5257,0.0,0.076,triangle,no_load
2.028067,28.3447,28.0371,28.5636,-0.5265,0.0,0.075,triangle,no_load
2.038352,28.3447,28.0371,28.5643,-0.5272,0.0,0.075,triangle,no_load
2.048513,28.3447,28.0371,28.5651,-0.5280,0.0,0.074,triangle,no_load
2.058728,28.3447,28.0371,28.5658,-0.5287,0.0,0.074,triangle,no_load
2.069202,28.3447,28.0371,28.5665,-0.5294,0.0,0.073,triangle,no_load
2.079646,28.3447,28.0371,28.5673,-0.5302,0.0,0.073,triangle,no_load
2.090598,28.3447,28.0371,28.5684,-0.5313,0.0,0.072,triangle,no_load
2.1009,28.3447,28.0371,28.5691,-0.5320,0.0,0.071,triangle,no_load
2.111445,28.3447,28.0371,28.5698,-0.5327,0.0,0.071,triangle,no_load
2.121648,28.3447,28.0371,28.5705,-0.5334,0.0,0.070,triangle,no_load
2.131827,28.3447,28.0371,28.5712,-0.5341,0.0,0.070,triangle,no_load
2.142075,28.3447,28.0371,28.5719,-0.5348,0.0,0.069,triangle,no_load
2.152684,28.3447,28.0371,28.5726,-0.5355,0.0,0.069,triangle,no_load
2.163582,28.3447,28.0371,28.5733,-0.5362,0.0,0.069,triangle,no_load
2.173799,28.3447,28.0371,28.5739,-0.5368,0.0,0.068,triangle,no_load
2.183901,28.3447,28.0371,28.5746,-0.5375,0.0,0.068,triangle,no_load
2.194128,28.3447,28.0371,28.5753,-0.5382,0.0,0.067,triangle,no_load
2.204394,28.3447,28.0371,28.5759,-0.5388,0.0,0.067,triangle,no_load
2.215002,28.3447,28.0371,28.5769,-0.5398,0.0,0.066,triangle,no_load
2.225225,28.3447,28.0371,28.5776,-0.5405,0.0,0.065,triangle,no_load
2.235459,28.3447,28.0371,28.5782,-0.5411,0.0,0.065,triangle,no_load
2.246109,28.3447,28.0371,28.5789,-0.5418,0.0,0.065,triangle,no_load
2.256965,28.3447,28.0371,28.5795,-0.5424,0.0,0.064,triangle,no_load
2.267022,28.3447,28.0371,28.5802,-0.5431,0.0,0.064,triangle,no_load
2.277312,28.3447,28.0371,28.5808,-0.5437,0.0,0.063,triangle,no_load
2.287936,28.3447,28.0371,28.5814,-0.5443,0.0,0.063,triangle,no_load
2.298171,28.3447,28.0371,28.5820,-0.5449,0.0,0.062,triangle,no_load
2.308695,28.3447,28.0371,28.5827,-0.5456,0.0,0.062,triangle,no_load
2.319165,28.3447,28.0371,28.5833,-0.5462,0.0,0.061,triangle,no_load
2.329262,28.3447,28.0371,28.5839,-0.5468,0.0,0.061,triangle,no_load
2.340199,28.3447,28.0371,28.5848,-0.5477,0.0,0.060,triangle,no_load
2.350705,28.3447,28.0371,28.5854,-0.5483,0.0,0.060,triangle,no_load
2.361342,28.3447,28.0371,28.5860,-0.5489,0.0,0.060,triangle,no_load
2.371859,28.3447,28.0371,28.5866,-0.5495,0.0,0.059,triangle,no_load
2.382341,28.3447,28.0371,28.5872,-0.5501,0.0,0.059,triangle,no_load
2.392612,28.3447,28.0371,28.5878,-0.5507,0.0,0.058,triangle,no_load
2.402865,28.3447,28.0371,28.5883,-0.5512,0.0,0.058,triangle,no_load
2.413132,28.3447,28.0371,28.5889,-0.5518,0.0,0.057,triangle,no_load
2.423722,28.3447,28.0371,28.5895,-0.5524,0.0,0.057,triangle,no_load
2.433949,28.3447,28.0371,28.5900,-0.5529,0.0,0.057,triangle,no_load
2.444211,28.3447,28.0371,28.5906,-0.5535,0.0,0.056,triangle,no_load
2.454334,28.3447,28.0371,28.5912,-0.5541,0.0,0.056,triangle,no_load
2.464659,28.3447,28.0371,28.5917,-0.5546,0.0,0.056,triangle,no_load
2.474727,28.3447,28.0371,28.5923,-0.5552,0.0,0.055,triangle,no_load
2.484941,28.3447,28.0371,28.5928,-0.5557,0.0,0.055,triangle,no_load
2.495164,28.3447,28.0371,28.5936,-0.5565,0.0,0.054,triangle,no_load
2.505722,28.3447,28.0371,28.5942,-0.5571,0.0,0.054,triangle,no_load
2.516319,28.3447,28.0371,28.5947,-0.5576,0.0,0.053,triangle,no_load
2.527367,28.3447,28.0371,28.5952,-0.5581,0.0,0.053,triangle,no_load
2.537956,28.3447,28.0371,28.5958,-0.5587,0.0,0.053,triangle,no_load
2.548493,28.3447,28.0371,28.5963,-0.5592,0.0,0.052,triangle,no_load
2.559598,28.3447,28.0371,28.5968,-0.5597,0.0,0.052,triangle,no_load
2.569909,28.3447,28.0371,28.5973,-0.5602,0.0,0.052,triangle,no_load
2.580859,28.3447,28.0371,28.5981,-0.5610,0.0,0.051,triangle,no_load
2.591093,28.3447,28.0371,28.5986,-0.5615,0.0,0.051,triangle,no_load
2.6021,28.3447,28.0371,28.5991,-0.5620,0.0,0.050,triangle,no_load
2.613436,0.0,28.0371,28.5996,-0.5625,0.0,0.050,triangle,no_load
2.624414,0.0,28.0371,28.6001,-0.5630,0.0,0.050,triangle,no_load
2.634958,0.0,28.0371,28.6006,-0.5635,0.0,0.049,triangle,no_load
2.645287,0.0,28.0371,28.6013,-0.5642,0.0,0.049,triangle,no_load
2.655523,0.0,28.0371,28.6018,-0.5647,0.0,0.048,triangle,no_load
2.665923,0.0,27.9492,28.6023,-0.6531,-8.452,0.048,triangle,no_load
2.676168,0.0,27.6855,28.6028,-0.9173,-25.739,0.048,triangle,no_load
2.686841,0.0,27.0703,28.2431,-1.1728,-57.641,-35.968,triangle,no_load
2.697643,0.0,26.2793,27.4757,-1.1964,-73.227,-76.735,triangle,no_load
2.708082,0.0,25.4883,26.3735,-0.8852,-75.774,-110.222,triangle,no_load
2.718768,0.0,24.3457,24.9962,-0.6505,-106.925,-137.729,triangle,no_load
2.728906,0.0,23.1152,23.3931,-0.2779,-121.375,-160.318,triangle,no_load
2.739154,0.0,21.5332,21.6044,-0.0712,-154.372,-178.861,triangle,no_load
2.749423,0.0,20.0391,19.6637,0.3754,-145.496,-194.077,triangle,no_load
2.759694,0.0,18.2812,17.5981,0.6831,-171.152,-206.560,triangle,no_load
2.770161,0.0,16.4355,14.4868,1.9487,-176.335,-207.417,triangle,no_load
2.780845,0.0,14.5898,12.5498,2.0400,-172.754,-193.698,triangle,no_load
2.791402,0.0,13.0078,10.7813,2.2265,-149.853,-176.859,triangle,no_load
2.802136,0.0,11.3379,9.2011,2.1368,-155.571,-158.019,triangle,no_load
2.812775,0.0,9.8438,7.8125,2.0313,-140.436,-138.852,triangle,no_load
2.822995,0.0,8.5254,6.6085,1.9169,-129.002,-120.403,triangle,no_load
2.833437,0.0,7.3828,5.5757,1.8071,-109.423,-103.279,triangle,no_load
2.843732,0.0,6.4160,4.6978,1.7182,-93.91,-87.793,triangle,no_load
2.854181,0.0,5.5371,3.9572,1.5799,-84.113,-74.056,triangle,no_load
2.864482,0.0,5.0098,3.3367,1.6731,-51.189,-62.054,triangle,no_load
2.875016,0.0,4.3945,2.5953,1.7992,-58.411,-49.423,triangle,no_load
2.885754,0.0,3.9551,2.2060,1.7491,-40.92,-38.933,triangle,no_load
2.895997,0.0,3.6035,1.8855,1.7180,-34.326,-32.048,triangle,no_load
2.906585,0.0,3.1641,1.6228,1.5413,-41.5,-26.276,triangle,no_load
2.917009,0.0,2.9004,1.4081,1.4923,-25.297,-21.465,triangle,no_load
2.927778,0.0,2.6367,1.2333,1.4034,-24.487,-17.477,triangle,no_load
2.938587,0.0,2.4609,1.0915,1.3694,-16.264,-14.185,triangle,no_load
2.9492,0.0,2.1973,0.9767,1.2206,-24.837,-11.480,triangle,no_load
2.959898,0.0,2.0215,0.8840,1.1375,-16.433,-9.266,triangle,no_load
2.970552,0.0,1.9336,0.7778,1.1558,-8.25,-7.080,triangle,no_load
2.981085,0.0,1.7578,0.7242,1.0336,-16.69,-5.364,triangle,no_load
2.992119,0.0,1.6699,0.6813,0.9886,-7.966,-4.293,triangle,no_load
3.002239,0.0,1.5820,0.6470,0.9350,-8.686,-3.429,triangle,no_load
3.012609,0.0,1.4941,0.6196,0.8745,-8.476,-2.733,triangle,no_load
3.023508,0.0,1.4063,0.5979,0.8084,-8.056,-2.173,triangle,no_load
3.03472,0.0,1.3184,0.5807,0.7377,-7.84,-1.725,triangle,no_load
3.044954,0.0,1.2305,0.5670,0.6635,-8.589,-1.367,triangle,no_load
3.055354,0.0,1.2305,0.5517,0.6788,0.0,-1.022,triangle,no_load
3.065604,0.0,1.1426,0.5441,0.5985,-8.576,-0.757,triangle,no_load
3.07621,0.0,1.1426,0.5381,0.6045,0.0,-0.596,triangle,no_load
3.086907,0.0,1.1426,0.5334,0.6092,0.0,-0.468,triangle,no_load
3.097466,0.0,1.1426,0.5298,0.6128,0.0,-0.367,triangle,no_load
3.108038,0.0,1.1426,0.5269,0.6157,0.0,-0.288,triangle,no_load
3.119038,0.0,1.1426,0.5246,0.6180,0.0,-0.225,triangle,no_load
3.129674,0.0,1.1426,0.5229,0.6197,0.0,-0.175,triangle,no_load
3.139967,0.0,1.1426,0.5215,0.6211,0.0,-0.138,triangle,no_load
3.150463,0.0,1.1426,0.5198,0.6228,0.0,-0.116,triangle,no_load
3.160947,0.0,1.1426,0.5187,0.6239,0.0,-0.108,triangle,no_load
3.171559,0.0,1.1426,0.5176,0.6250,0.0,-0.106,triangle,no_load
3.181925,0.0,1.1426,0.5166,0.6260,0.0,-0.104,triangle,no_load
3.19302,0.0,1.1426,0.5156,0.6270,0.0,-0.104,triangle,no_load
3.203359,0.0,1.1426,0.5145,0.6281,0.0,-0.103,triangle,no_load
3.21412,0.0,1.1426,0.5135,0.6291,0.0,-0.102,triangle,no_load
3.224714,0.0,1.1426,0.5125,0.6301,0.0,-0.101,triangle,no_load
3.235369,0.0,1.1426,0.5110,0.6316,0.0,-0.100,triangle,no_load
3.245713,0.0,1.1426,0.5100,0.6326,0.0,-0.100,triangle,no_load
3.256091,0.0,1.1426,0.5090,0.6336,0.0,-0.099,triangle,no_load
3.266493,0.0,1.1426,0.5080,0.6346,0.0,-0.098,triangle,no_load
3.276691,0.0,1.1426,0.5071,0.6355,0.0,-0.097,triangle,no_load
3.287539,0.0,1.1426,0.5061,0.6365,0.0,-0.097,triangle,no_load
3.297985,0.0,1.1426,0.5051,0.6375,0.0,-0.096,triangle,no_load
3.308889,0.0,1.1426,0.5042,0.6384,0.0,-0.095,triangle,no_load
3.319183,0.0,1.1426,0.5032,0.6394,0.0,-0.095,triangle,no_load
3.329485,0.0,1.1426,0.5023,0.6403,0.0,-0.094,triangle,no_load
3.339739,0.0,1.1426,0.5013,0.6413,0.0,-0.093,triangle,no_load
3.350038,0.0,1.1426,0.5000,0.6426,0.0,-0.093,triangle,no_load
3.360771,0.0,1.1426,0.4990,0.6436,0.0,-0.092,triangle,no_load
3.371281,0.0,1.1426,0.4981,0.6445,0.0,-0.091,triangle,no_load
3.381477,0.0,1.1426,0.4972,0.6454,0.0,-0.091,triangle,no_load
3.391789,0.0,1.1426,0.4963,0.6463,0.0,-0.090,triangle,no_load
3.402268,0.0,1.1426,0.4954,0.6472,0.0,-0.089,triangle,no_load
3.412531,0.0,1.1426,0.4945,0.6481,0.0,-0.089,triangle,no_load
3.422895,0.0,1.1426,0.4937,0.6489,0.0,-0.088,triangle,no_load
3.433075,0.0,1.1426,0.4928,0.6498,0.0,-0.088,triangle,no_load
3.444249,0.0,1.1426,0.4919,0.6507,0.0,-0.087,triangle,no_load
3.454612,0.0,1.1426,0.4910,0.6516,0.0,-0.086,triangle,no_load
3.464993,0.0,1.1426,0.4902,0.6524,0.0,-0.086,triangle,no_load
3.475419,0.0,1.1426,0.4889,0.6537,0.0,-0.085,triangle,no_load
3.485785,0.0,1.1426,0.4881,0.6545,0.0,-0.084,triangle,no_load
3.496141,0.0,1.1426,0.4872,0.6554,0.0,-0.084,triangle,no_load
3.506726,0.0,1.1426,0.4864,0.6562,0.0,-0.083,triangle,no_load
3.517032,0.0,1.1426,0.4856,0.6570,0.0,-0.082,triangle,no_load
3.527307,0.0,1.1426,0.4848,0.6578,0.0,-0.082,triangle,no_load
3.538043,0.0,1.1426,0.4839,0.6587,0.0,-0.081,triangle,no_load
3.549102,0.0,1.1426,0.4831,0.6595,0.0,-0.081,triangle,no_load
3.559911,0.0,1.1426,0.4823,0.6603,0.0,-0.080,triangle,no_load
3.570309,0.0,1.1426,0.4811,0.6615,0.0,-0.079,triangle,no_load
3.580576,0.0,1.1426,0.4804,0.6622,0.0,-0.079,triangle,no_load
3.591281,0.0,1.1426,0.4796,0.6630,0.0,-0.078,triangle,no_load
3.601932,0.0,1.1426,0.4788,0.6638,0.0,-0.078,triangle,no_load
3.612466,0.0,1.1426,0.4780,0.6646,0.0,-0.077,triangle,no_load
3.622586,0.0,1.1426,0.4773,0.6653,0.0,-0.077,triangle,no_load
3.633443,0.0,1.1426,0.4765,0.6661,0.0,-0.076,triangle,no_load
3.644383,0.0,1.1426,0.4757,0.6669,0.0,-0.076,triangle,no_load
3.655357,0.0,1.1426,0.4746,0.6680,0.0,-0.075,triangle,no_load
3.666314,0.0,1.1426,0.4739,0.6687,0.0,-0.074,triangle,no_load
3.676495,0.0,1.1426,0.4731,0.6695,0.0,-0.074,triangle,no_load
3.686928,0.0,1.1426,0.4724,0.6702,0.0,-0.073,triangle,no_load
3.698053,0.0,1.1426,0.4717,0.6709,0.0,-0.073,triangle,no_load
3.709222,0.0,1.1426,0.4710,0.6716,0.0,-0.072,triangle,no_load
3.720258,0.0,1.1426,0.4699,0.6727,0.0,-0.072,triangle,no_load
3.730886,0.0,1.1426,0.4692,0.6734,0.0,-0.071,triangle,no_load
3.741292,0.0,1.1426,0.4685,0.6741,0.0,-0.070,triangle,no_load
3.751897,0.0,1.1426,0.4678,0.6748,0.0,-0.070,triangle,no_load
3.762629,0.0,1.1426,0.4671,0.6755,0.0,-0.069,triangle,no_load
3.773018,0.0,1.1426,0.4664,0.6762,0.0,-0.069,triangle,no_load
3.783706,0.0,1.1426,0.4657,0.6769,0.0,-0.069,triangle,no_load
3.794031,0.0,1.1426,0.4650,0.6776,0.0,-0.068,triangle,no_load
3.80462,0.0,1.1426,0.4643,0.6783,0.0,-0.068,triangle,no_load
3.815182,0.0,1.1426,0.4633,0.6793,0.0,-0.067,triangle,no_load
3.825437,0.0,1.1426,0.4627,0.6799,0.0,-0.066,triangle,no_load
3.836011,0.0,1.1426,0.4620,0.6806,0.0,-0.066,triangle,no_load
3.84661,0.0,1.1426,0.4614,0.6812,0.0,-0.065,triangle,no_load
3.857459,0.0,1.1426,0.4607,0.6819,0.0,-0.065,triangle,no_load
3.86843,0.0,1.1426,0.4601,0.6825,0.0,-0.065,triangle,no_load
3.879066,0.0,1.1426,0.4594,0.6832,0.0,-0.064,triangle,no_load
3.889435,0.0,1.1426,0.4588,0.6838,0.0,-0.064,triangle,no_load
3.900116,0.0,1.1426,0.4578,0.6848,0.0,-0.063,triangle,no_load
3.911196,0.0,1.1426,0.4572,0.6854,0.0,-0.063,triangle,no_load
3.921722,0.0,1.1426,0.4566,0.6860,0.0,-0.062,triangle,no_load
3.932468,0.0,1.1426,0.4560,0.6866,0.0,-0.062,triangle,no_load
3.94266,0.0,1.1426,0.4554,0.6872,0.0,-0.061,triangle,no_load
3.953006,0.0,1.1426,0.4548,0.6878,0.0,-0.061,triangle,no_load
3.963661,0.0,1.1426,0.4541,0.6885,0.0,-0.060,triangle,no_load
3.97419,0.0,1.1426,0.4535,0.6891,0.0,-0.060,triangle,no_load
3.985212,0.0,1.1426,0.4527,0.6899,0.0,-0.059,triangle,no_load
3.996248,0.0,1.1426,0.4521,0.6905,0.0,-0.059,triangle,no_load
4.006693,0.0,1.1426,0.4515,0.6911,0.0,-0.059,triangle,no_load
4.017239,0.0,1.1426,0.4509,0.6917,0.0,-0.058,triangle,no_load
4.027697,0.0,1.1426,0.4503,0.6923,0.0,-0.058,triangle,no_load
4.038349,0.0,1.1426,0.4497,0.6929,0.0,-0.057,triangle,no_load
4.048957,0.0,1.1426,0.4492,0.6934,0.0,-0.057,triangle,no_load
4.059519,0.0,1.1426,0.4486,0.6940,0.0,-0.057,triangle,no_load
4.069807,0.0,1.1426,0.4481,0.6945,0.0,-0.056,triangle,no_load
4.079977,0.0,1.1426,0.4475,0.6951,0.0,-0.056,triangle,no_load
4.090254,0.0,1.1426,0.4467,0.6959,0.0,-0.055,triangle,no_load
4.100794,0.0,1.1426,0.4461,0.6965,0.0,-0.055,triangle,no_load
4.1118,0.0,1.1426,0.4456,0.6970,0.0,-0.054,triangle,no_load
4.122615,0.0,1.1426,0.4450,0.6976,0.0,-0.054,triangle,no_load
4.132893,0.0,1.1426,0.4445,0.6981,0.0,-0.054,triangle,no_load
4.143427,0.0,1.1426,0.4440,0.6986,0.0,-0.053,triangle,no_load
4.153645,0.0,1.1426,0.4434,0.6992,0.0,-0.053,triangle,no_load
4.16432,0.0,1.1426,0.4429,0.6997,0.0,-0.053,triangle,no_load
4.174621,0.0,1.1426,0.4424,0.7002,0.0,-0.052,triangle,no_load
4.185192,0.0,1.1426,0.4416,0.7010,0.0,-0.052,triangle,no_load
4.195827,0.0,1.1426,0.4411,0.7015,0.0,-0.051,triangle,no_load
4.206655,0.0,1.1426,0.4406,0.7020,0.0,-0.051,triangle,no_load
4.217823,28.3447,1.1426,0.4401,0.7025,0.0,-0.051,triangle,no_load
4.228182,28.3447,1.1426,0.4396,0.7030,0.0,-0.050,triangle,no_load
4.238713,28.3447,1.1426,0.4391,0.7035,0.0,-0.050,triangle,no_load
4.248958,28.3447,1.1426,0.4386,0.7040,0.0,-0.050,triangle,no_load
4.259526,28.3447,1.1426,0.4381,0.7045,0.0,-0.049,triangle,no_load
4.270658,28.3447,1.4063,0.4374,0.9689,23.688,-0.049,triangle,no_load
4.281269,28.3447,1.6699,0.4369,1.2330,24.842,-0.048,triangle,no_load
4.29192,28.3447,2.1973,0.8283,1.3690,49.516,39.142,triangle,no_load
4.30257,28.3447,2.9004,1.6630,1.2374,66.019,83.466,triangle,no_load
4.313212,28.3447,3.7793,2.8618,0.9175,82.588,119.884,triangle,no_load
4.323652,28.3447,4.9219,4.3600,0.5619,109.444,149.822,triangle,no_load
4.333974,28.3447,6.2402,6.1043,0.1359,127.717,174.429,triangle,no_load
4.344428,28.3447,7.6465,8.0508,-0.4043,134.523,194.651,triangle,no_load
4.354927,28.3447,9.4043,10.1635,-0.7592,167.425,211.266,triangle,no_load
4.365604,28.3447,11.1621,13.4164,-2.2543,164.634,216.861,triangle,no_load
4.376277,28.3447,13.0078,15.4716,-2.4638,172.932,205.525,triangle,no_load
4.386751,28.3447,14.8535,17.3628,-2.5093,176.217,189.120,triangle,no_load
4.397312,28.3447,16.4355,19.0624,-2.6269,149.796,169.956,triangle,no_load
4.407854,28.3447,18.1934,20.5625,-2.3691,166.752,150.009,triangle,no_load
4.418505,28.3447,19.6875,21.8678,-2.1803,140.278,130.536,triangle,no_load
4.429039,28.3447,21.0059,22.9907,-1.9848,125.157,112.287,triangle,no_load
4.439406,28.3447,22.1484,23.9474,-1.7990,110.205,95.666,triangle,no_load
4.450145,28.3447,23.2031,25.1101,-1.9070,98.212,77.518,triangle,no_load
4.460531,28.3447,23.9063,25.7301,-1.8238,67.707,61.999,triangle,no_load
4.471222,28.3447,24.5215,26.2458,-1.7243,57.544,51.563,triangle,no_load
4.48156,28.3447,25.0488,26.6724,-1.6236,51.006,42.664,triangle,no_load
4.49249,28.3447,25.4883,27.0238,-1.5355,40.21,35.138,triangle,no_load
4.503113,28.3447,25.8398,27.3120,-1.4722,33.089,28.819,triangle,no_load
4.513808,28.3447,26.1914,27.5474,-1.3560,32.875,23.547,triangle,no_load
4.523936,28.3447,26.4551,27.7392,-1.2841,26.037,19.171,triangle,no_load
4.534895,28.3447,26.7187,27.8947,-1.1760,24.053,15.558,triangle,no_load
4.545326,28.3447,26.9824,28.0741,-1.0917,25.28,11.959,triangle,no_load
4.555452,28.3447,27.1582,28.1652,-1.0070,17.361,9.111,triangle,no_load
4.566118,28.3447,27.3340,28.2384,-0.9044,16.482,7.321,triangle,no_load
4.576642,28.3447,27.4219,28.2971,-0.8752,8.352,5.867,triangle,no_load
4.586823,28.3447,27.5977,28.3440,-0.7463,17.267,4.691,triangle,no_load
4.597057,28.3447,27.6855,28.3814,-0.6959,8.579,3.742,triangle,no_load
4.608049,28.3447,27.7734,28.4112,-0.6378,7.997,2.979,triangle,no_load
4.618599,28.3447,27.8613,28.4349,-0.5736,8.332,2.366,triangle,no_load
4.629744,28.3447,27.9492,28.4536,-0.5044,7.887,1.875,triangle,no_load
4.64007,28.3447,28.0371,28.4746,-0.4375,8.512,1.402,triangle,no_load
4.650687,28.3447,28.0371,28.4850,-0.4479,0.0,1.039,triangle,no_load
4.661625,28.3447,28.1250,28.4932,-0.3682,8.036,0.817,triangle,no_load
4.672268,28.3447,28.1250,28.4996,-0.3746,0.0,0.642,triangle,no_load
4.682913,28.3447,28.1250,28.5047,-0.3797,0.0,0.503,triangle,no_load
4.693132,28.3447,28.1250,28.5086,-0.3836,0.0,0.394,triangle,no_load
4.703685,28.3447,28.1250,28.5117,-0.3867,0.0,0.307,triangle,no_load
4.713953,28.3447,28.1250,28.5141,-0.3891,0.0,0.239,triangle,no_load
4.724989,28.3447,28.1250,28.5159,-0.3909,0.0,0.186,triangle,no_load
4.735191,28.3447,28.1250,28.5180,-0.3930,0.0,0.138,triangle,no_load
4.745643,28.3447,28.1250,28.5191,-0.3941,0.0,0.115,triangle,no_load
4.755927,28.3447,28.1250,28.5202,-0.3952,0.0,0.109,triangle,no_load
4.766367,28.3447,28.1250,28.5213,-0.3963,0.0,0.106,triangle,no_load
4.777342,28.3447,28.1250,28.5223,-0.3973,0.0,0.105,triangle,no_load
4.787697,28.3447,28.1250,28.5234,-0.3984,0.0,0.104,triangle,no_load
4.798215,28.3447,28.1250,28.5244,-0.3994,0.0,0.103,triangle,no_load
4.808545,28.3447,28.1250,28.5254,-0.4004,0.0,0.102,triangle,no_load
4.818835,28.3447,28.1250,28.5264,-0.4014,0.0,0.101,triangle,no_load
4.829422,28.3447,28.1250,28.5274,-0.4024,0.0,0.101,triangle,no_load
4.839652,28.3447,28.1250,28.5284,-0.4034,0.0,0.100,triangle,no_load
4.85017,28.3447,28.1250,28.5299,-0.4049,0.0,0.099,triangle,no_load
4.860829,28.3447,28.1250,28.5309,-0.4059,0.0,0.098,triangle,no_load
4.870971,28.3447,28.1250,28.5319,-0.4069,0.0,0.098,triangle,no_load
4.881523,28.3447,28.1250,28.5329,-0.4079,0.0,0.097,triangle,no_load
4.891929,28.3447,28.1250,28.5338,-0.4088,0.0,0.096,triangle,no_load
4.902316,28.3447,28.1250,28.5348,-0.4098,0.0,0.096,triangle,no_load
4.912804,28.3447,28.1250,28.5357,-0.4107,0.0,0.095,triangle,no_load
4.923383,28.3447,28.1250,28.5367,-0.4117,0.0,0.094,triangle,no_load
4.933955,28.3447,28.1250,28.5376,-0.4126,0.0,0.094,triangle,no_load
4.944628,28.3447,28.1250,28.5385,-0.4135,0.0,0.093,triangle,no_load
4.955062,28.3447,28.1250,28.5399,-0.4149,0.0,0.092,triangle,no_load
4.965335,28.3447,28.1250,28.5408,-0.4158,0.0,0.091,triangle,no_load
4.975794,28.3447,28.1250,28.5417,-0.4167,0.0,0.091,triangle,no_load
4.986677,28.3447,28.1250,28.5426,-0.4176,0.0,0.090,triangle,no_load
4.997295,28.3447,28.1250,28.5435,-0.4185,0.0,0.089,triangle,no_load
5.0079,28.3447,28.1250,28.5444,-0.4194,0.0,0.089,triangle,no_load
5.018708,28.3447,28.1250,28.5453,-0.4203,0.0,0.088,triangle,no_load
5.02937,28.3447,28.1250,28.5462,-0.4212,0.0,0.088,triangle,no_load
5.039755,28.3447,28.1250,28.5470,-0.4220,0.0,0.087,triangle,no_load
5.050212,28.3447,28.1250,28.5483,-0.4233,0.0,0.086,triangle,no_load
5.060699,28.3447,28.1250,28.5492,-0.4242,0.0,0.085,triangle,no_load
5.071333,28.3447,28.1250,28.5500,-0.4250,0.0,0.085,triangle,no_load
5.082139,28.3447,28.1250,28.5509,-0.4259,0.0,0.084,triangle,no_load
5.092755,28.3447,28.1250,28.5517,-0.4267,0.0,0.084,triangle,no_load
5.10389,28.3447,28.1250,28.5525,-0.4275,0.0,0.083,triangle,no_load
5.114731,28.3447,28.1250,28.5534,-0.4284,0.0,0.082,triangle,no_load
5.125652,28.3447,28.1250,28.5546,-0.4296,0.0,0.082,triangle,no_load
5.135776,28.3447,28.1250,28.5554,-0.4304,0.0,0.081,triangle,no_load
5.146147,28.3447,28.1250,28.5562,-0.4312,0.0,0.080,triangle,no_load
5.156324,28.3447,28.1250,28.5570,-0.4320,0.0,0.080,triangle,no_load
5.166528,28.3447,28.1250,28.5578,-0.4328,0.0,0.079,triangle,no_load
5.176942,28.3447,28.1250,28.5586,-0.4336,0.0,0.079,triangle,no_load
5.187149,28.3447,28.1250,28.5594,-0.4344,0.0,0.078,triangle,no_load
5.197402,28.3447,28.1250,28.5602,-0.4352,0.0,0.078,triangle,no_load
5.208097,28.3447,28.1250,28.5609,-0.4359,0.0,0.077,triangle,no_load
5.218342,28.3447,28.1250,28.5617,-0.4367,0.0,0.077,triangle,no_load
5.228757,28.3447,28.1250,28.5624,-0.4374,0.0,0.076,triangle,no_load
5.23931,28.3447,28.1250,28.5632,-0.4382,0.0,0.076,triangle,no_load
5.249737,28.3447,28.1250,28.5640,-0.4390,0.0,0.075,triangle,no_load
5.260209,28.3447,28.1250,28.5651,-0.4401,0.0,0.074,triangle,no_load
5.271157,28.3447,28.1250,28.5658,-0.4408,0.0,0.074,triangle,no_load
5.281729,28.3447,28.1250,28.5665,-0.4415,0.0,0.073,triangle,no_load
5.291874,28.3447,28.1250,28.5673,-0.4423,0.0,0.073,triangle,no_load
5.30287,28.3447,28.1250,28.5680,-0.4430,0.0,0.072,triangle,no_load
5.313186,28.3447,28.1250,28.5687,-0.4437,0.0,0.072,triangle,no_load
5.324099,28.3447,28.1250,28.5694,-0.4444,0.0,0.071,triangle,no_load
5.334315,28.3447,28.1250,28.5701,-0.4451,0.0,0.071,triangle,no_load
5.344564,28.3447,28.1250,28.5708,-0.4458,0.0,0.070,triangle,no_load
5.355476,28.3447,28.1250,28.5719,-0.4469,0.0,0.070,triangle,no_load
5.365712,28.3447,28.1250,28.5726,-0.4476,0.0,0.069,triangle,no_load
5.375815,28.3447,28.1250,28.5732,-0.4482,0.0,0.069,triangle,no_load
5.386181,28.3447,28.1250,28.5739,-0.4489,0.0,0.068,triangle,no_load
5.396245,28.3447,28.1250,28.5746,-0.4496,0.0,0.068,triangle,no_load
5.406477,28.3447,28.1250,28.5753,-0.4503,0.0,0.067,triangle,no_load
5.416624,28.3447,28.1250,28.5759,-0.4509,0.0,0.067,triangle,no_load
5.426884,28.3447,28.1250,28.5766,-0.4516,0.0,0.066,triangle,no_load
5.437231,28.3447,28.1250,28.5773,-0.4523,0.0,0.066,triangle,no_load
5.447791,28.3447,28.1250,28.5779,-0.4529,0.0,0.065,triangle,no_load
5.458407,28.3447,28.1250,28.5786,-0.4536,0.0,0.065,triangle,no_load
5.468881,28.3447,28.1250,28.5792,-0.4542,0.0,0.064,triangle,no_load
5.479401,28.3447,28.1250,28.5798,-0.4548,0.0,0.064,triangle,no_load
5.48984,28.3447,28.1250,28.5805,-0.4555,0.0,0.063,triangle,no_load
5.500283,28.3447,28.1250,28.5814,-0.4564,0.0,0.063,triangle,no_load
5.510684,28.3447,28.1250,28.5820,-0.4570,0.0,0.062,triangle,no_load
5.520827,28.3447,28.1250,28.5827,-0.4577,0.0,0.062,triangle,no_load
5.531754,28.3447,28.1250,28.5833,-0.4583,0.0,0.061,triangle,no_load
5.542086,28.3447,28.1250,28.5839,-0.4589,0.0,0.061,triangle,no_load
5.552504,28.3447,28.1250,28.5845,-0.4595,0.0,0.061,triangle,no_load
5.562946,28.3447,28.1250,28.5851,-0.4601,0.0,0.060,triangle,no_load
5.573615,28.3447,28.1250,28.5857,-0.4607,0.0,0.060,triangle,no_load
5.584148,28.3447,28.1250,28.5863,-0.4613,0.0,0.059,triangle,no_load
5.594379,28.3447,28.1250,28.5869,-0.4619,0.0,0.059,triangle,no_load
5.604561,28.3447,28.1250,28.5875,-0.4625,0.0,0.059,triangle,no_load
5.614758,28.3447,28.1250,28.5880,-0.4630,0.0,0.058,triangle,no_load
5.624992,28.3447,28.1250,28.5886,-0.4636,0.0,0.058,triangle,no_load
5.636054,28.3447,28.1250,28.5895,-0.4645,0.0,0.057,triangle,no_load
5.64641,28.3447,28.1250,28.5900,-0.4650,0.0,0.057,triangle,no_load
5.656988,28.3447,28.1250,28.5906,-0.4656,0.0,0.056,triangle,no_load
5.667445,28.3447,28.1250,28.5912,-0.4662,0.0,0.056,triangle,no_load
5.678246,28.3447,28.1250,28.5917,-0.4667,0.0,0.056,triangle,no_load
5.688505,28.3447,28.1250,28.5923,-0.4673,0.0,0.055,triangle,no_load
5.698949,28.3447,28.1250,28.5928,-0.4678,0.0,0.055,triangle,no_load
5.709224,28.3447,28.1250,28.5934,-0.4684,0.0,0.054,triangle,no_load
5.719419,28.3447,28.1250,28.5939,-0.4689,0.0,0.054,triangle,no_load
5.730427,28.3447,28.1250,28.5947,-0.4697,0.0,0.054,triangle,no_load
5.740677,28.3447,28.1250,28.5952,-0.4702,0.0,0.053,triangle,no_load
5.750926,28.3447,28.1250,28.5958,-0.4708,0.0,0.053,triangle,no_load
5.76113,28.3447,28.1250,28.5963,-0.4713,0.0,0.052,triangle,no_load
5.771306,28.3447,28.1250,28.5968,-0.4718,0.0,0.052,triangle,no_load
5.781524,28.3447,28.1250,28.5973,-0.4723,0.0,0.052,triangle,no_load
5.792251,28.3447,28.1250,28.5978,-0.4728,0.0,0.051,triangle,no_load
5.802541,28.3447,28.1250,28.5983,-0.4733,0.0,0.051,triangle,no_load
5.812847,28.3447,28.1250,28.5988,-0.4738,0.0,0.051,triangle,no_load
5.823542,0.0,28.1250,28.5993,-0.4743,0.0,0.050,triangle,no_load
5.834058,0.0,28.1250,28.5998,-0.4748,0.0,0.050,triangle,no_load
5.844595,0.0,28.1250,28.6003,-0.4753,0.0,0.049,triangle,no_load
5.855173,0.0,28.1250,28.6011,-0.4761,0.0,0.049,triangle,no_load
5.865583,0.0,28.1250,28.6016,-0.4766,0.0,0.049,triangle,no_load
5.876129,0.0,27.9492,28.6020,-0.6528,-16.67,0.048,triangle,no_load
5.887233,0.0,27.5977,28.6025,-1.0048,-31.655,0.048,triangle,no_load
5.89746,0.0,27.0703,28.2428,-1.1725,-51.569,-35.968,triangle,no_load
5.908566,0.0,26.2793,27.4755,-1.1962,-71.223,-76.734,triangle,no_load
5.918883,0.0,25.4883,26.3733,-0.8850,-76.67,-110.221,triangle,no_load
5.929127,0.0,24.3457,24.9960,-0.6503,-111.538,-137.729,triangle,no_load
5.939375,0.0,23.2031,23.3928,-0.1897,-111.495,-160.318,triangle,no_load
5.949806,0.0,21.6211,21.6042,0.0169,-151.663,-178.861,triangle,no_load
5.960964,0.0,19.8633,18.6447,1.2186,-157.537,-197.298,triangle,no_load
5.971279,0.0,18.1934,16.5463,1.6471,-161.89,-209.844,triangle,no_load
5.98175,0.0,16.2598,14.4866,1.7732,-184.662,-205.969,triangle,no_load
5.992234,0.0,14.5898,12.5496,2.0402,-159.29,-193.697,triangle,no_load
6.00321,0.0,12.8320,10.7811,2.0509,-160.149,-176.857,triangle,no_load
6.014107,0.0,11.2500,9.2009,2.0491,-145.178,-158.017,triangle,no_load
6.024571,0.0,9.6680,7.8124,1.8556,-151.185,-138.850,triangle,no_load
6.034914,0.0,8.4375,6.6084,1.8291,-118.969,-120.401,triangle,no_load
6.045242,0.0,7.2070,5.1184,2.0886,-119.142,-99.334,triangle,no_load
6.055522,0.0,6.3281,4.3114,2.0167,-85.496,-80.703,triangle,no_load
6.066326,0.0,5.5371,3.6330,1.9041,-73.214,-67.841,triangle,no_load
6.076556,0.0,4.9219,3.0662,1.8557,-60.137,-56.676,triangle,no_load
6.086862,0.0,4.3066,2.5953,1.7113,-59.703,-47.089,triangle,no_load
6.097348,0.0,3.8672,2.2060,1.6612,-41.903,-38.933,triangle,no_load
6.107757,0.0,3.5156,1.8855,1.6301,-33.778,-32.048,triangle,no_load
6.118323,0.0,3.1641,1.6227,1.5414,-33.267,-26.276,triangle,no_load
6.12878,0.0,2.9004,1.4081,1.4923,-25.218,-21.465,triangle,no_load
6.139283,0.0,2.6367,1.2333,1.4034,-25.107,-17.476,triangle,no_load
6.149801,0.0,2.3730,1.0915,1.2815,-25.071,-14.185,triangle,no_load
6.160062,0.0,2.1973,0.9279,1.2694,-17.123,-10.908,triangle,no_load
6.170786,0.0,2.0215,0.8447,1.1768,-16.393,-8.316,triangle,no_load
6.181234,0.0,1.9336,0.7778,1.1558,-8.413,-6.687,triangle,no_load
6.191827,0.0,1.7578,0.7242,1.0336,-16.596,-5.364,triangle,no_load
6.201913,0.0,1.6699,0.6813,0.9886,-8.715,-4.293,triangle,no_load
6.212318,0.0,1.5820,0.6470,0.9350,-8.448,-3.429,triangle,no_load
6.222618,0.0,1.4941,0.6196,0.8745,-8.534,-2.733,triangle,no_load
6.233519,0.0,1.4063,0.5979,0.8084,-8.054,-2.173,triangle,no_load
6.243944,0.0,1.3184,0.5807,0.7377,-8.432,-1.725,triangle,no_load
6.254194,0.0,1.2305,0.5670,0.6635,-8.576,-1.367,triangle,no_load
6.264356,0.0,1.2305,0.5562,0.6743,0.0,-1.081,triangle,no_load
6.27446,0.0,1.1426,0.5476,0.5950,-8.7,-0.853,triangle,no_load
6.284607,0.0,1.1426,0.5409,0.6017,0.0,-0.672,triangle,no_load
6.294693,0.0,1.1426,0.5356,0.6070,0.0,-0.529,triangle,no_load
6.304755,0.0,1.1426,0.5315,0.6111,0.0,-0.415,triangle,no_load
6.314903,0.0,1.1426,0.5282,0.6144,0.0,-0.325,triangle,no_load
6.325108,0.0,1.1426,0.5246,0.6180,0.0,-0.240,triangle,no_load
6.335231,0.0,1.1426,0.5229,0.6197,0.0,-0.175,triangle,no_load
6.345337,0.0,1.1426,0.5215,0.6211,0.0,-0.138,triangle,no_load
6.355515,0.0,1.1426,0.5203,0.6223,0.0,-0.118,triangle,no_load
6.365724,0.0,1.1426,0.5192,0.6234,0.0,-0.110,triangle,no_load
6.375793,0.0,1.1426,0.5182,0.6244,0.0,-0.107,triangle,no_load
6.386174,0.0,1.1426,0.5171,0.6255,0.0,-0.105,triangle,no_load
6.396343,0.0,1.1426,0.5161,0.6265,0.0,-0.104,triangle,no_load
6.4067,0.0,1.1426,0.5150,0.6276,0.0,-0.103,triangle,no_load
6.41727,0.0,1.1426,0.5140,0.6286,0.0,-0.102,triangle,no_load
6.427444,0.0,1.1426,0.5130,0.6296,0.0,-0.102,triangle,no_load
6.437926,0.0,1.1426,0.5120,0.6306,0.0,-0.101,triangle,no_load
6.44896,0.0,1.1426,0.5110,0.6316,0.0,-0.100,triangle,no_load
6.459191,0.0,1.1426,0.5100,0.6326,0.0,-0.100,triangle,no_load
6.469621,0.0,1.1426,0.5090,0.6336,0.0,-0.099,triangle,no_load
6.479976,0.0,1.1426,0.5080,0.6346,0.0,-0.098,triangle,no_load
6.490561,0.0,1.1426,0.5066,0.6360,0.0,-0.097,triangle,no_load
6.500902,0.0,1.1426,0.5056,0.6370,0.0,-0.096,triangle,no_load
6.511033,0.0,1.1426,0.5046,0.6380,0.0,-0.096,triangle,no_load
6.521241,0.0,1.1426,0.5037,0.6389,0.0,-0.095,triangle,no_load
6.531799,0.0,1.1426,0.5027,0.6399,0.0,-0.094,triangle,no_load
6.542295,0.0,1.1426,0.5018,0.6408,0.0,-0.094,triangle,no_load
6.552795,0.0,1.1426,0.5009,0.6417,0.0,-0.093,triangle,no_load
6.563443,0.0,1.1426,0.5000,0.6426,0.0,-0.093,triangle,no_load
6.574341,0.0,1.1426,0.4990,0.6436,0.0,-0.092,triangle,no_load
6.585285,0.0,1.1426,0.4977,0.6449,0.0,-0.091,triangle,no_load
6.59555,0.0,1.1426,0.4968,0.6458,0.0,-0.090,triangle,no_load
6.605854,0.0,1.1426,0.4959,0.6467,0.0,-0.090,triangle,no_load
6.615993,0.0,1.1426,0.4950,0.6476,0.0,-0.089,triangle,no_load
6.626468,0.0,1.1426,0.4941,0.6485,0.0,-0.088,triangle,no_load
6.637089,0.0,1.1426,0.4932,0.6494,0.0,-0.088,triangle,no_load
6.647663,0.0,1.1426,0.4923,0.6503,0.0,-0.087,triangle,no_load
6.657872,0.0,1.1426,0.4915,0.6511,0.0,-0.087,triangle,no_load
6.668264,0.0,1.1426,0.4906,0.6520,0.0,-0.086,triangle,no_load
6.678505,0.0,1.1426,0.4898,0.6528,0.0,-0.085,triangle,no_load
6.689497,0.0,1.1426,0.4889,0.6537,0.0,-0.085,triangle,no_load
6.699682,0.0,1.1426,0.4881,0.6545,0.0,-0.084,triangle,no_load
6.70991,0.0,1.1426,0.4872,0.6554,0.0,-0.084,triangle,no_load
6.720894,0.0,1.1426,0.4860,0.6566,0.0,-0.083,triangle,no_load
6.731065,0.0,1.1426,0.4852,0.6574,0.0,-0.082,triangle,no_load
6.741187,0.0,1.1426,0.4844,0.6582,0.0,-0.082,triangle,no_load
6.751466,0.0,1.1426,0.4835,0.6591,0.0,-0.081,triangle,no_load
6.761984,0.0,1.1426,0.4827,0.6599,0.0,-0.080,triangle,no_load
6.772218,0.0,1.1426,0.4819,0.6607,0.0,-0.080,triangle,no_load
6.78235,0.0,1.1426,0.4811,0.6615,0.0,-0.079,triangle,no_load
6.792596,0.0,1.1426,0.4804,0.6622,0.0,-0.079,triangle,no_load
6.803256,0.0,1.1426,0.4796,0.6630,0.0,-0.078,triangle,no_load
6.814246,0.0,1.1426,0.4788,0.6638,0.0,-0.078,triangle,no_load
6.824818,0.0,1.1426,0.4780,0.6646,0.0,-0.077,triangle,no_load
6.834995,0.0,1.1426,0.4773,0.6653,0.0,-0.077,triangle,no_load
6.845403,0.0,1.1426,0.4761,0.6665,0.0,-0.076,triangle,no_load
6.856026,0.0,1.1426,0.4754,0.6672,0.0,-0.075,triangle,no_load
6.866669,0.0,1.1426,0.4746,0.6680,0.0,-0.075,triangle,no_load
6.877634,0.0,1.1426,0.4739,0.6687,0.0,-0.074,triangle,no_load
6.88849,0.0,1.1426,0.4731,0.6695,0.0,-0.074,triangle,no_load
6.898806,0.0,1.1426,0.4724,0.6702,0.0,-0.073,triangle,no_load
6.909189,0.0,1.1426,0.4717,0.6709,0.0,-0.073,triangle,no_load
6.919681,0.0,1.1426,0.4710,0.6716,0.0,-0.072,triangle,no_load
6.930374,0.0,1.1426,0.4699,0.6727,0.0,-0.072,triangle,no_load
6.941376,0.0,1.1426,0.4692,0.6734,0.0,-0.071,triangle,no_load
6.951707,0.0,1.1426,0.4685,0.6741,0.0,-0.070,triangle,no_load
6.962451,0.0,1.1426,0.4678,0.6748,0.0,-0.070,triangle,no_load
6.972815,0.0,1.1426,0.4671,0.6755,0.0,-0.069,triangle,no_load
6.983182,0.0,1.1426,0.4664,0.6762,0.0,-0.069,triangle,no_load
6.99411,0.0,1.1426,0.4657,0.6769,0.0,-0.069,triangle,no_load
7.004795,0.0,1.1426,0.4650,0.6776,0.0,-0.068,triangle,no_load
7.015182,0.0,1.1426,0.4640,0.6786,0.0,-0.067,triangle,no_load
7.025575,0.0,1.1426,0.4633,0.6793,0.0,-0.067,triangle,no_load
7.035916,0.0,1.1426,0.4627,0.6799,0.0,-0.066,triangle,no_load
7.046233,0.0,1.1426,0.4620,0.6806,0.0,-0.066,triangle,no_load
7.056829,0.0,1.1426,0.4614,0.6812,0.0,-0.065,triangle,no_load
7.067531,0.0,1.1426,0.4607,0.6819,0.0,-0.065,triangle,no_load
7.078194,0.0,1.1426,0.4601,0.6825,0.0,-0.065,triangle,no_load
7.088495,0.0,1.1426,0.4594,0.6832,0.0,-0.064,triangle,no_load
7.098766,0.0,1.1426,0.4588,0.6838,0.0,-0.064,triangle,no_load
7.109166,0.0,1.1426,0.4582,0.6844,0.0,-0.063,triangle,no_load
7.120076,0.0,1.1426,0.4572,0.6854,0.0,-0.063,triangle,no_load
7.130442,0.0,1.1426,0.4566,0.6860,0.0,-0.062,triangle,no_load
7.141188,0.0,1.1426,0.4560,0.6866,0.0,-0.062,triangle,no_load
7.151414,0.0,1.1426,0.4554,0.6872,0.0,-0.061,triangle,no_load
7.162561,0.0,1.1426,0.4548,0.6878,0.0,-0.061,triangle,no_load
7.173132,0.0,1.1426,0.4541,0.6885,0.0,-0.060,triangle,no_load
7.184294,0.0,1.1426,0.4535,0.6891,0.0,-0.060,triangle,no_load
7.194682,0.0,1.1426,0.4530,0.6896,0.0,-0.060,triangle,no_load
7.205302,0.0,1.1426,0.4521,0.6905,0.0,-0.059,triangle,no_load
7.215527,0.0,1.1426,0.4515,0.6911,0.0,-0.059,triangle,no_load
7.226606,0.0,1.1426,0.4509,0.6917,0.0,-0.058,triangle,no_load
7.237682,0.0,1.1426,0.4503,0.6923,0.0,-0.058,triangle,no_load
7.247916,0.0,1.1426,0.4497,0.6929,0.0,-0.057,triangle,no_load
7.258327,0.0,1.1426,0.4492,0.6934,0.0,-0.057,triangle,no_load
7.268591,0.0,1.1426,0.4486,0.6940,0.0,-0.057,triangle,no_load
7.279148,0.0,1.1426,0.4481,0.6945,0.0,-0.056,triangle,no_load
7.28945,0.0,1.1426,0.4475,0.6951,0.0,-0.056,triangle,no_load
7.299708,0.0,1.1426,0.4469,0.6957,0.0,-0.055,triangle,no_load
7.310249,0.0,1.1426,0.4461,0.6965,0.0,-0.055,triangle,no_load
7.320665,0.0,1.1426,0.4456,0.6970,0.0,-0.054,triangle,no_load
7.330918,0.0,1.1426,0.4450,0.6976,0.0,-0.054,triangle,no_load
7.341273,0.0,1.1426,0.4445,0.6981,0.0,-0.054,triangle,no_load
7.35245,0.0,1.1426,0.4440,0.6986,0.0,-0.053,triangle,no_load
7.362637,0.0,1.1426,0.4434,0.6992,0.0,-0.053,triangle,no_load
7.373447,0.0,1.1426,0.4429,0.6997,0.0,-0.053,triangle,no_load
7.383664,0.0,1.1426,0.4424,0.7002,0.0,-0.052,triangle,no_load
7.394448,0.0,1.1426,0.4419,0.7007,0.0,-0.052,triangle,no_load
7.404993,0.0,1.1426,0.4414,0.7012,0.0,-0.051,triangle,no_load
7.415402,0.0,1.1426,0.4406,0.7020,0.0,-0.051,triangle,no_load
7.426818,28.3447,1.1426,0.4401,0.7025,0.0,-0.051,triangle,no_load
7.437633,28.3447,1.1426,0.4396,0.7030,0.0,-0.050,triangle,no_load
7.448275,28.3447,1.1426,0.4391,0.7035,0.0,-0.050,triangle,no_load
7.458884,28.3447,1.1426,0.4386,0.7040,0.0,-0.050,triangle,no_load
7.4698,28.3447,1.2305,0.4381,0.7924,8.052,-0.049,triangle,no_load
7.480469,28.3447,1.4063,0.4374,0.9689,16.478,-0.049,triangle,no_load
7.491046,28.3447,1.6699,0.4369,1.2330,24.922,-0.048,triangle,no_load
7.501374,28.3447,2.1973,0.8283,1.3690,51.065,39.142,triangle,no_load
7.512077,28.3447,2.9004,1.6630,1.2374,65.692,83.466,triangle,no_load
7.523347,28.3447,3.9551,2.8618,1.0933,93.585,119.884,triangle,no_load
7.534024,28.3447,5.0977,4.3600,0.7377,107.015,149.822,triangle,no_load
7.54499,28.3447,6.5039,6.1043,0.3996,128.233,174.429,triangle,no_load
7.555219,28.3447,7.9980,9.0884,-1.0904,146.065,198.938,triangle,no_load
7.565747,28.3447,9.7559,11.2547,-1.4988,166.974,216.629,triangle,no_load
7.57627,28.3447,11.5137,13.4164,-1.9027,167.044,216.173,triangle,no_load
7.587195,28.3447,13.3594,15.4716,-2.1122,168.943,205.525,triangle,no_load
7.597925,28.3447,15.2051,17.3628,-2.1577,172.013,189.120,triangle,no_load
7.608595,28.3447,16.9629,19.0624,-2.0995,164.742,169.956,triangle,no_load
7.619468,28.3447,18.6328,20.5625,-1.9297,153.582,150.009,triangle,no_load
7.630111,28.3447,20.0391,22.4511,-2.4120,132.134,125.910,triangle,no_load
7.640823,28.3447,21.4453,23.4887,-2.0434,131.273,103.758,triangle,no_load
7.651356,28.3447,22.5000,24.3690,-1.8690,100.133,88.026,triangle,no_load
7.661935,28.3447,23.4668,25.1101,-1.6433,91.389,74.117,triangle,no_load
7.672843,28.3447,24.1699,25.7301,-1.5602,64.457,61.999,triangle,no_load
7.683034,28.3447,24.6973,26.2458,-1.5485,51.752,51.563,triangle,no_load
7.69324,28.3447,25.1367,26.6724,-1.5357,43.053,42.664,triangle,no_load
7.703958,28.3447,25.5762,27.0238,-1.4476,41.006,35.138,triangle,no_load
7.71426,28.3447,25.9277,27.3120,-1.3843,34.12,28.819,triangle,no_load
7.724729,28.3447,26.2793,27.5474,-1.2681,33.585,23.547,triangle,no_load
7.735161,28.3447,26.5430,27.8210,-1.2780,25.278,18.239,triangle,no_load
7.74566,28.3447,26.7187,27.9610,-1.2423,16.735,13.999,triangle,no_load
7.756479,28.3447,26.9824,28.0741,-1.0917,24.374,11.309,triangle,no_load
7.766873,28.3447,27.1582,28.1652,-1.0070,16.914,9.111,triangle,no_load
7.777748,28.3447,27.3340,28.2384,-0.9044,16.166,7.321,triangle,no_load
7.788686,28.3447,27.5098,28.2971,-0.7873,16.072,5.867,triangle,no_load
7.799606,28.3447,27.5977,28.3440,-0.7463,8.049,4.691,triangle,no_load
7.810135,28.3447,27.6855,28.3972,-0.7117,8.339,3.545,triangle,no_load
7.820916,28.3447,27.7734,28.4237,-0.6503,8.153,2.655,triangle,no_load
7.831394,28.3447,27.8613,28.4448,-0.5835,8.389,2.107,triangle,no_load
7.842177,28.3447,27.9492,28.4615,-0.5123,8.152,1.668,triangle,no_load
7.852652,28.3447,28.0371,28.4746,-0.4375,8.391,1.318,triangle,no_load
7.862864,28.3447,28.0371,28.4850,-0.4479,0.0,1.039,triangle,no_load
7.873302,28.3447,28.0371,28.4932,-0.4561,0.0,0.817,triangle,no_load
7.883977,28.3447,28.0371,28.4996,-0.4625,0.0,0.642,triangle,no_load
7.894385,28.3447,28.0371,28.5047,-0.4676,0.0,0.503,triangle,no_load
7.90472,28.3447,28.0371,28.5086,-0.4715,0.0,0.394,triangle,no_load
7.915206,28.3447,28.0371,28.5129,-0.4758,0.0,0.290,triangle,no_load
7.92581,28.3447,28.0371,28.5151,-0.4780,0.0,0.211,triangle,no_load
7.936227,28.3447,28.0371,28.5167,-0.4796,0.0,0.164,triangle,no_load
7.946554,28.3447,28.0371,28.5180,-0.4809,0.0,0.130,triangle,no_load
7.957187,28.3447,28.0371,28.5191,-0.4820,0.0,0.115,triangle,no_load
7.967538,28.3447,28.0371,28.5202,-0.4831,0.0,0.109,triangle,no_load
7.978104,28.3447,28.0371,28.5213,-0.4842,0.0,0.106,triangle,no_load
7.988469,28.3447,28.0371,28.5223,-0.4852,0.0,0.105,triangle,no_load
7.998741,28.3447,28.0371,28.5234,-0.4863,0.0,0.104,triangle,no_load
8.009239,28.3447,28.0371,28.5244,-0.4873,0.0,0.103,triangle,no_load
8.019746,28.3447,28.0371,28.5254,-0.4883,0.0,0.102,triangle,no_load
8.029968,28.3447,28.0371,28.5264,-0.4893,0.0,0.101,triangle,no_load
8.040241,28.3447,28.0371,28.5279,-0.4908,0.0,0.100,triangle,no_load
8.050764,28.3447,28.0371,28.5289,-0.4918,0.0,0.100,triangle,no_load
8.061374,28.3447,28.0371,28.5299,-0.4928,0.0,0.099,triangle,no_load
8.071648,28.3447,28.0371,28.5309,-0.4938,0.0,0.098,triangle,no_load
8.081847,28.3447,28.0371,28.5319,-0.4948,0.0,0.098,triangle,no_load
8.092118,28.3447,28.0371,28.5329,-0.4958,0.0,0.097,triangle,no_load
8.103144,28.3447,28.0371,28.5338,-0.4967,0.0,0.096,triangle,no_load
8.113637,28.3447,28.0371,28.5348,-0.4977,0.0,0.096,triangle,no_load
8.123805,28.3447,28.0371,28.5357,-0.4986,0.0,0.095,triangle,no_load
8.134409,28.3447,28.0371,28.5367,-0.4996,0.0,0.094,triangle,no_load
8.14463,28.3447,28.0371,28.5376,-0.5005,0.0,0.094,triangle,no_load
8.1552,28.3447,28.0371,28.5390,-0.5019,0.0,0.093,triangle,no_load
8.16582,28.3447,28.0371,28.5399,-0.5028,0.0,0.092,triangle,no_load
8.176106,28.3447,28.0371,28.5408,-0.5037,0.0,0.091,triangle,no_load
8.186281,28.3447,28.0371,28.5417,-0.5046,0.0,0.091,triangle,no_load
8.196578,28.3447,28.0371,28.5426,-0.5055,0.0,0.090,triangle,no_load
8.206776,28.3447,28.0371,28.5435,-0.5064,0.0,0.089,triangle,no_load
8.21765,28.3447,28.0371,28.5444,-0.5073,0.0,0.089,triangle,no_load
8.228238,28.3447,28.0371,28.5453,-0.5082,0.0,0.088,triangle,no_load
8.238524,28.3447,28.0371,28.5462,-0.5091,0.0,0.088,triangle,no_load
8.248988,28.3447,28.0371,28.5470,-0.5099,0.0,0.087,triangle,no_load
8.259969,28.3447,28.0371,28.5479,-0.5108,0.0,0.086,triangle,no_load
8.270287,28.3447,28.0371,28.5492,-0.5121,0.0,0.086,triangle,no_load
8.281493,28.3447,28.0371,28.5500,-0.5129,0.0,0.085,triangle,no_load
8.29177,28.3447,28.0371,28.5509,-0.5138,0.0,0.084,triangle,no_load
8.302048,28.3447,28.0371,28.5517,-0.5146,0.0,0.084,triangle,no_load
8.312845,28.3447,28.0371,28.5525,-0.5154,0.0,0.083,triangle,no_load
8.323848,28.3447,28.0371,28.5534,-0.5163,0.0,0.082,triangle,no_load
8.334389,28.3447,28.0371,28.5542,-0.5171,0.0,0.082,triangle,no_load
8.344772,28.3447,28.0371,28.5550,-0.5179,0.0,0.081,triangle,no_load
8.355598,28.3447,28.0371,28.5562,-0.5191,0.0,0.081,triangle,no_load
8.366424,28.3447,28.0371,28.5570,-0.5199,0.0,0.080,triangle,no_load
8.376849,28.3447,28.0371,28.5578,-0.5207,0.0,0.079,triangle,no_load
8.387027,28.3447,28.0371,28.5586,-0.5215,0.0,0.079,triangle,no_load
8.397704,28.3447,28.0371,28.5594,-0.5223,0.0,0.078,triangle,no_load
8.408186,28.3447,28.0371,28.5602,-0.5231,0.0,0.078,triangle,no_load
8.418449,28.3447,28.0371,28.5609,-0.5238,0.0,0.077,triangle,no_load
8.429156,28.3447,28.0371,28.5617,-0.5246,0.0,0.077,triangle,no_load
8.439498,28.3447,28.0371,28.5624,-0.5253,0.0,0.076,triangle,no_load
8.449708,28.3447,28.0371,28.5632,-0.5261,0.0,0.076,triangle,no_load
8.460253,28.3447,28.0371,28.5643,-0.5272,0.0,0.075,triangle,no_load
8.470711,28.3447,28.0371,28.5651,-0.5280,0.0,0.074,triangle,no_load
8.481423,28.3447,28.0371,28.5658,-0.5287,0.0,0.074,triangle,no_load
8.491696,28.3447,28.0371,28.5665,-0.5294,0.0,0.073,triangle,no_load
8.502567,28.3447,28.0371,28.5673,-0.5302,0.0,0.073,triangle,no_load
8.513277,28.3447,28.0371,28.5680,-0.5309,0.0,0.072,triangle,no_load
8.52484,28.3447,28.0371,28.5687,-0.5316,0.0,0.072,triangle,no_load
8.535407,28.3447,28.0371,28.5698,-0.5327,0.0,0.071,triangle,no_load
8.546039,28.3447,28.0371,28.5705,-0.5334,0.0,0.070,triangle,no_load
8.556329,28.3447,28.0371,28.5712,-0.5341,0.0,0.070,triangle,no_load
8.566868,28.3447,28.0371,28.5719,-0.5348,0.0,0.069,triangle,no_load
8.577035,28.3447,28.0371,28.5726,-0.5355,0.0,0.069,triangle,no_load
8.587298,28.3447,28.0371,28.5732,-0.5361,0.0,0.069,triangle,no_load
8.597832,28.3447,28.0371,28.5739,-0.5368,0.0,0.068,triangle,no_load
8.608297,28.3447,28.0371,28.5746,-0.5375,0.0,0.068,triangle,no_load
8.6189,28.3447,28.0371,28.5753,-0.5382,0.0,0.067,triangle,no_load
8.629283,28.3447,28.0371,28.5759,-0.5388,0.0,0.067,triangle,no_load
8.63992,28.3447,28.0371,28.5766,-0.5395,0.0,0.066,triangle,no_load
8.650581,28.3447,28.0371,28.5776,-0.5405,0.0,0.066,triangle,no_load
8.66113,28.3447,28.0371,28.5782,-0.5411,0.0,0.065,triangle,no_load
8.671647,28.3447,28.0371,28.5789,-0.5418,0.0,0.065,triangle,no_load
8.682033,28.3447,28.0371,28.5795,-0.5424,0.0,0.064,triangle,no_load
8.692715,28.3447,28.0371,28.5802,-0.5431,0.0,0.064,triangle,no_load
8.703847,28.3447,28.0371,28.5808,-0.5437,0.0,0.063,triangle,no_load
8.715092,28.3447,28.0371,28.5817,-0.5446,0.0,0.063,triangle,no_load
8.725521,28.3447,28.0371,28.5823,-0.5452,0.0,0.062,triangle,no_load
8.735792,28.3447,28.0371,28.5830,-0.5459,0.0,0.062,triangle,no_load
8.746803,28.3447,28.0371,28.5836,-0.5465,0.0,0.061,triangle,no_load
8.75718,28.3447,28.0371,28.5842,-0.5471,0.0,0.061,triangle,no_load
8.767512,28.3447,28.0371,28.5848,-0.5477,0.0,0.060,triangle,no_load
8.778293,28.3447,28.0371,28.5854,-0.5483,0.0,0.060,triangle,no_load
8.788869,28.3447,28.0371,28.5860,-0.5489,0.0,0.060,triangle,no_load
8.799227,28.3447,28.0371,28.5866,-0.5495,0.0,0.059,triangle,no_load
8.809741,28.3447,28.0371,28.5872,-0.5501,0.0,0.059,triangle,no_load
8.820537,28.3447,28.0371,28.5880,-0.5509,0.0,0.058,triangle,no_load
8.831222,28.3447,28.0371,28.5886,-0.5515,0.0,0.058,triangle,no_load
8.841355,28.3447,28.0371,28.5892,-0.5521,0.0,0.057,triangle,no_load
8.852114,28.3447,28.0371,28.5898,-0.5527,0.0,0.057,triangle,no_load
8.86276,28.3447,28.0371,28.5903,-0.5532,0.0,0.056,triangle,no_load
8.873523,28.3447,28.0371,28.5909,-0.5538,0.0,0.056,triangle,no_load
8.884326,28.3447,28.0371,28.5914,-0.5543,0.0,0.056,triangle,no_load
8.89506,28.3447,28.0371,28.5923,-0.5552,0.0,0.055,triangle,no_load
8.905689,28.3447,28.0371,28.5928,-0.5557,0.0,0.055,triangle,no_load
8.916147,28.3447,28.0371,28.5934,-0.5563,0.0,0.054,triangle,no_load
8.926445,28.3447,28.0371,28.5939,-0.5568,0.0,0.054,triangle,no_load
8.93669,28.3447,28.0371,28.5944,-0.5573,0.0,0.054,triangle,no_load
8.947235,28.3447,28.0371,28.5950,-0.5579,0.0,0.053,triangle,no_load
8.957675,28.3447,28.0371,28.5955,-0.5584,0.0,0.053,triangle,no_load
8.968291,28.3447,28.0371,28.5960,-0.5589,0.0,0.052,triangle,no_load
8.97853,28.3447,28.0371,28.5965,-0.5594,0.0,0.052,triangle,no_load
8.989151,28.3447,28.0371,28.5971,-0.5600,0.0,0.052,triangle,no_load
8.99948,28.3447,28.0371,28.5976,-0.5605,0.0,0.051,triangle,no_load
9.009833,28.3447,28.0371,28.5981,-0.5610,0.0,0.051,triangle,no_load
9.020511,28.3447,28.0371,28.5988,-0.5617,0.0,0.051,triangle,no_load
9.031844,0.0,28.0371,28.5993,-0.5622,0.0,0.050,triangle,no_load
9.042221,0.0,28.0371,28.5998,-0.5627,0.0,0.050,triangle,no_load
9.052604,0.0,28.0371,28.6003,-0.5632,0.0,0.049,triangle,no_load
9.063183,0.0,28.0371,28.6008,-0.5637,0.0,0.049,triangle,no_load
9.074095,0.0,28.0371,28.6013,-0.5642,0.0,0.049,triangle,no_load
9.084925,0.0,27.9492,28.6018,-0.6526,-8.116,0.048,triangle,no_load
9.095084,0.0,27.5977,28.6025,-1.0048,-34.6,0.048,triangle,no_load
9.105603,0.0,27.0703,28.2428,-1.1725,-50.138,-35.968,triangle,no_load
9.115891,0.0,26.2793,27.4755,-1.1962,-76.886,-76.734,triangle,no_load
9.126815,0.0,25.4004,26.3733,-0.9729,-80.456,-110.221,triangle,no_load
9.137151,0.0,24.3457,24.9960,-0.6503,-102.041,-137.729,triangle,no_load
9.147715,0.0,22.9395,23.3928,-0.4533,-133.112,-160.318,triangle,no_load
9.158414,0.0,21.5332,21.6042,-0.0710,-131.442,-178.861,triangle,no_load
9.169117,0.0,19.7754,19.6634,0.1120,-164.234,-194.077,triangle,no_load
9.179658,0.0,17.9297,17.5978,0.3319,-175.097,-206.559,triangle,no_load
9.190291,0.0,16.0840,14.4866,1.5974,-173.582,-207.416,triangle,no_load
9.200506,0.0,14.4141,12.5496,1.8645,-163.475,-193.697,triangle,no_load
9.210629,0.0,12.8320,10.7811,2.0509,-156.288,-176.857,triangle,no_load
9.221639,0.0,11.1621,9.2009,1.9612,-151.671,-158.017,triangle,no_load
9.232561,0.0,9.6680,7.8124,1.8556,-136.797,-138.850,triangle,no_load
9.242812,0.0,8.3496,6.6084,1.7412,-128.612,-120.401,triangle,no_load
9.253674,0.0,7.2070,5.5756,1.6314,-105.192,-103.278,triangle,no_load
9.264771,0.0,6.1523,4.6977,1.4546,-95.044,-87.791,triangle,no_load
9.275024,0.0,5.4492,3.6330,1.8162,-68.575,-70.984,triangle,no_load
9.285582,0.0,4.8340,3.0662,1.7678,-58.269,-56.676,triangle,no_load
9.296096,0.0,4.3945,2.5953,1.7992,-41.801,-47.089,triangle,no_load
9.306724,0.0,3.8672,2.2060,1.6612,-49.614,-38.933,triangle,no_load
9.317041,0.0,3.5156,1.8855,1.6301,-34.08,-32.048,triangle,no_load
9.327692,0.0,3.1641,1.6227,1.5414,-33.002,-26.276,triangle,no_load
9.338008,0.0,2.8125,1.4081,1.4044,-34.083,-21.465,triangle,no_load
9.348451,0.0,2.6367,1.2333,1.4034,-16.834,-17.476,triangle,no_load
9.358728,0.0,2.3730,1.0915,1.2815,-25.659,-14.185,triangle,no_load
9.369176,0.0,2.1973,0.9767,1.2206,-16.817,-11.480,triangle,no_load
9.379978,0.0,2.0215,0.8840,1.1375,-16.275,-9.266,triangle,no_load
9.390224,0.0,1.8457,0.7778,1.0679,-17.158,-7.080,triangle,no_load
9.400538,0.0,1.7578,0.7242,1.0336,-8.522,-5.364,triangle,no_load
9.410814,0.0,1.5820,0.6813,0.9007,-17.108,-4.293,triangle,no_load
9.421621,0.0,1.4941,0.6470,0.8471,-8.134,-3.429,triangle,no_load
9.432008,0.0,1.4941,0.6196,0.8745,0.0,-2.733,triangle,no_load
9.442303,0.0,1.4063,0.5979,0.8084,-8.528,-2.173,triangle,no_load
9.452885,0.0,1.3184,0.5807,0.7377,-8.307,-1.725,triangle,no_load
9.463248,0.0,1.2305,0.5670,0.6635,-8.482,-1.367,triangle,no_load
9.47392,0.0,1.2305,0.5562,0.6743,0.0,-1.081,triangle,no_load
9.484278,0.0,1.1426,0.5476,0.5950,-8.486,-0.853,triangle,no_load
9.494533,0.0,1.1426,0.5409,0.6017,0.0,-0.672,triangle,no_load
9.505172,0.0,1.1426,0.5334,0.6092,0.0,-0.499,triangle,no_load
9.515713,0.0,1.1426,0.5298,0.6128,0.0,-0.367,triangle,no_load
9.526153,0.0,1.1426,0.5269,0.6157,0.0,-0.288,triangle,no_load
9.537276,0.0,1.1426,0.5246,0.6180,0.0,-0.225,triangle,no_load
9.547906,0.0,1.1426,0.5229,0.6197,0.0,-0.175,triangle,no_load
9.558249,0.0,1.1426,0.5215,0.6211,0.0,-0.138,triangle,no_load
9.568904,0.0,1.1426,0.5203,0.6223,0.0,-0.118,triangle,no_load
9.579333,0.0,1.1426,0.5192,0.6234,0.0,-0.110,triangle,no_load
9.590487,0.0,1.1426,0.5176,0.6250,0.0,-0.106,triangle,no_load
9.600811,0.0,1.1426,0.5166,0.6260,0.0,-0.104,triangle,no_load
9.611449,0.0,1.1426,0.5156,0.6270,0.0,-0.104,triangle,no_load
9.622525,0.0,1.1426,0.5145,0.6281,0.0,-0.103,triangle,no_load
9.632709,0.0,1.1426,0.5135,0.6291,0.0,-0.102,triangle,no_load
9.643387,0.0,1.1426,0.5125,0.6301,0.0,-0.101,triangle,no_load
9.653824,0.0,1.1426,0.5115,0.6311,0.0,-0.101,triangle,no_load
9.665063,0.0,1.1426,0.5100,0.6326,0.0,-0.100,triangle,no_load
9.675607,0.0,1.1426,0.5090,0.6336,0.0,-0.099,triangle,no_load
9.686391,0.0,1.1426,0.5080,0.6346,0.0,-0.098,triangle,no_load
9.69713,0.0,1.1426,0.5070,0.6356,0.0,-0.097,triangle,no_load
9.707485,0.0,1.1426,0.5061,0.6365,0.0,-0.097,triangle,no_load
9.718365,0.0,1.1426,0.5051,0.6375,0.0,-0.096,triangle,no_load
9.729011,0.0,1.1426,0.5042,0.6384,0.0,-0.095,triangle,no_load
9.739659,0.0,1.1426,0.5032,0.6394,0.0,-0.095,triangle,no_load
9.750079,0.0,1.1426,0.5018,0.6408,0.0,-0.094,triangle,no_load
9.760455,0.0,1.1426,0.5009,0.6417,0.0,-0.093,triangle,no_load
9.771141,0.0,1.1426,0.5000,0.6426,0.0,-0.093,triangle,no_load
9.781635,0.0,1.1426,0.4990,0.6436,0.0,-0.092,triangle,no_load
9.792232,0.0,1.1426,0.4981,0.6445,0.0,-0.091,triangle,no_load
9.802481,0.0,1.1426,0.4972,0.6454,0.0,-0.091,triangle,no_load
9.8128,0.0,1.1426,0.4963,0.6463,0.0,-0.090,triangle,no_load
9.82387,0.0,1.1426,0.4954,0.6472,0.0,-0.089,triangle,no_load
9.834448,0.0,1.1426,0.4945,0.6481,0.0,-0.089,triangle,no_load
9.845163,0.0,1.1426,0.4932,0.6494,0.0,-0.088,triangle,no_load
9.855505,0.0,1.1426,0.4923,0.6503,0.0,-0.087,triangle,no_load
9.865911,0.0,1.1426,0.4915,0.6511,0.0,-0.087,triangle,no_load
9.876138,0.0,1.1426,0.4906,0.6520,0.0,-0.086,triangle,no_load
9.886404,0.0,1.1426,0.4898,0.6528,0.0,-0.085,triangle,no_load
9.896767,0.0,1.1426,0.4889,0.6537,0.0,-0.085,triangle,no_load
9.906878,0.0,1.1426,0.4881,0.6545,0.0,-0.084,triangle,no_load
9.917321,0.0,1.1426,0.4872,0.6554,0.0,-0.084,triangle,no_load
9.928205,0.0,1.1426,0.4864,0.6562,0.0,-0.083,triangle,no_load
9.938989,0.0,1.1426,0.4856,0.6570,0.0,-0.082,triangle,no_load
9.94933,0.0,1.1426,0.4848,0.6578,0.0,-0.082,triangle,no_load
9.959602,0.0,1.1426,0.4839,0.6587,0.0,-0.081,triangle,no_load
9.970287,0.0,1.1426,0.4827,0.6599,0.0,-0.081,triangle,no_load
9.980456,0.0,1.1426,0.4819,0.6607,0.0,-0.080,triangle,no_load
9.99119,0.0,1.1426,0.4811,0.6615,0.0,-0.079,triangle,no_load
10.001856,0.0,1.1426,0.4804,0.6622,0.0,-0.079,triangle,no_load
10.012428,0.0,1.1426,0.4796,0.6630,0.0,-0.078,triangle,no_load
10.023074,0.0,1.1426,0.4788,0.6638,0.0,-0.078,triangle,no_load
10.033556,0.0,1.1426,0.4780,0.6646,0.0,-0.077,triangle,no_load
10.044587,0.0,1.1426,0.4773,0.6653,0.0,-0.077,triangle,no_load
10.055038,0.0,1.1426,0.4761,0.6665,0.0,-0.076,triangle,no_load
10.065692,0.0,1.1426,0.4754,0.6672,0.0,-0.075,triangle,no_load
10.075953,0.0,1.1426,0.4746,0.6680,0.0,-0.075,triangle,no_load
10.086124,0.0,1.1426,0.4739,0.6687,0.0,-0.074,triangle,no_load
10.096494,0.0,1.1426,0.4731,0.6695,0.0,-0.074,triangle,no_load
10.107633,0.0,1.1426,0.4724,0.6702,0.0,-0.073,triangle,no_load
10.118144,0.0,1.1426,0.4717,0.6709,0.0,-0.073,triangle,no_load
10.128713,0.0,1.1426,0.4710,0.6716,0.0,-0.072,triangle,no_load
10.139715,0.0,1.1426,0.4702,0.6724,0.0,-0.072,triangle,no_load
10.150671,0.0,1.1426,0.4692,0.6734,0.0,-0.071,triangle,no_load
10.160978,0.0,1.1426,0.4685,0.6741,0.0,-0.070,triangle,no_load
10.17205,0.0,1.1426,0.4678,0.6748,0.0,-0.070,triangle,no_load
10.182719,0.0,1.1426,0.4671,0.6755,0.0,-0.069,triangle,no_load
10.192919,0.0,1.1426,0.4664,0.6762,0.0,-0.069,triangle,no_load
10.203458,0.0,1.1426,0.4657,0.6769,0.0,-0.069,triangle,no_load
10.213708,0.0,1.1426,0.4650,0.6776,0.0,-0.068,triangle,no_load
10.224038,0.0,1.1426,0.4643,0.6783,0.0,-0.068,triangle,no_load
10.23468,0.0,1.1426,0.4637,0.6789,0.0,-0.067,triangle,no_load
10.245502,0.0,1.1426,0.4627,0.6799,0.0,-0.067,triangle,no_load
10.255598,0.0,1.1426,0.4620,0.6806,0.0,-0.066,triangle,no_load
10.265995,0.0,1.1426,0.4614,0.6812,0.0,-0.065,triangle,no_load
10.276439,0.0,1.1426,0.4607,0.6819,0.0,-0.065,triangle,no_load
10.287291,0.0,1.1426,0.4601,0.6825,0.0,-0.065,triangle,no_load
10.297474,0.0,1.1426,0.4594,0.6832,0.0,-0.064,triangle,no_load
10.308137,0.0,1.1426,0.4588,0.6838,0.0,-0.064,triangle,no_load
10.319015,0.0,1.1426,0.4582,0.6844,0.0,-0.063,triangle,no_load
10.329634,0.0,1.1426,0.4575,0.6851,0.0,-0.063,triangle,no_load
10.339836,0.0,1.1426,0.4569,0.6857,0.0,-0.062,triangle,no_load
10.350107,0.0,1.1426,0.4560,0.6866,0.0,-0.062,triangle,no_load
10.360452,0.0,1.1426,0.4554,0.6872,0.0,-0.061,triangle,no_load
10.371499,0.0,1.1426,0.4548,0.6878,0.0,-0.061,triangle,no_load
10.381675,0.0,1.1426,0.4541,0.6885,0.0,-0.060,triangle,no_load
10.391926,0.0,1.1426,0.4535,0.6891,0.0,-0.060,triangle,no_load
10.402073,0.0,1.1426,0.4530,0.6896,0.0,-0.060,triangle,no_load
10.412317,0.0,1.1426,0.4524,0.6902,0.0,-0.059,triangle,no_load
10.42259,0.0,1.1426,0.4518,0.6908,0.0,-0.059,triangle,no_load
10.433208,0.0,1.1426,0.4512,0.6914,0.0,-0.058,triangle,no_load
10.4438,0.0,1.1426,0.4506,0.6920,0.0,-0.058,triangle,no_load
10.45406,0.0,1.1426,0.4500,0.6926,0.0,-0.058,triangle,no_load
10.46438,0.0,1.1426,0.4495,0.6931,0.0,-0.057,triangle,no_load
10.474816,0.0,1.1426,0.4489,0.6937,0.0,-0.057,triangle,no_load
10.485023,0.0,1.1426,0.4481,0.6945,0.0,-0.056,triangle,no_load
10.495292,0.0,1.1426,0.4475,0.6951,0.0,-0.056,triangle,no_load
10.505536,0.0,1.1426,0.4469,0.6957,0.0,-0.055,triangle,no_load
10.515782,0.0,1.1426,0.4464,0.6962,0.0,-0.055,triangle,no_load
10.526502,0.0,1.1426,0.4458,0.6968,0.0,-0.055,triangle,no_load
10.537114,0.0,1.1426,0.4453,0.6973,0.0,-0.054,triangle,no_load
10.547896,0.0,1.1426,0.4448,0.6978,0.0,-0.054,triangle,no_load
10.558579,0.0,1.1426,0.4442,0.6984,0.0,-0.053,triangle,no_load
10.56887,0.0,1.1426,0.4437,0.6989,0.0,-0.053,triangle,no_load
10.579223,0.0,1.1426,0.4432,0.6994,0.0,-0.053,triangle,no_load
10.589519,0.0,1.1426,0.4426,0.7000,0.0,-0.052,triangle,no_load
10.599792,0.0,1.1426,0.4421,0.7005,0.0,-0.052,triangle,no_load
10.610061,0.0,1.1426,0.4414,0.7012,0.0,-0.052,triangle,no_load
10.620318,0.0,1.1426,0.4408,0.7018,0.0,-0.051,triangle,no_load
10.63058,0.0,1.1426,0.4403,0.7023,0.0,-0.051,triangle,no_load
