time,time_since_command,joint_name,commanded_norm,actual_norm,commanded_deg,actual_deg,raw_ticks,speed_raw,load_raw,current_raw,voltage,temperature,experiment_id,load_condition,measured_vel_deg_s
0.001092,4e-06,elbow_flex,-30,0.0898,-29.373,0.0879,1973,0,20,0,12.2,35,ramp,no_load,0.0
0.01142,0.010331,elbow_flex,-30,0.0898,-29.373,0.0879,1973,0,24,0,12.2,35,ramp,no_load,0.0
0.022702,0.021614,elbow_flex,-30,0.0898,-29.373,0.0879,1973,0,68,2,12.2,35,ramp,no_load,0.0
0.033266,0.032178,elbow_flex,-30,0.0898,-29.373,0.0879,1973,0,100,3,12.2,35,ramp,no_load,0.0
0.043721,0.042632,elbow_flex,-30,0.0,-29.373,0.0,1972,0,176,8,12.2,35,ramp,no_load,-8.407
0.054029,0.052941,elbow_flex,-30,-0.0898,-29.373,-0.0879,1971,-100,228,9,12.2,35,ramp,no_load,-8.527
0.06483,0.063742,elbow_flex,-30,-0.2693,-29.373,-0.2637,1969,-100,312,17,12.2,35,ramp,no_load,-16.276
0.075398,0.07431,elbow_flex,-30,-0.8977,-29.373,-0.8789,1962,-300,360,16,12.1,35,ramp,no_load,-58.213
0.085959,0.084871,elbow_flex,-30,-1.7953,-29.373,-1.7578,1952,-300,420,22,12.1,35,ramp,no_load,-83.221
0.096347,0.095259,elbow_flex,-30,-2.693,-29.373,-2.6367,1942,-900,468,25,12.1,35,ramp,no_load,-84.607
0.106974,0.105885,elbow_flex,-30,-3.86,-29.373,-3.7793,1929,-900,528,28,12.1,35,ramp,no_load,-107.519
0.117541,0.116453,elbow_flex,-30,-5.1167,-29.373,-5.0098,1915,-1200,612,48,12.1,35,ramp,no_load,-116.447
0.127884,0.126795,elbow_flex,-30,-6.7325,-29.373,-6.5918,1897,-1200,656,44,12.1,35,ramp,no_load,-152.954
0.138554,0.137466,elbow_flex,-30,-8.4381,-29.373,-8.2617,1878,-1550,636,27,12.1,35,ramp,no_load,-156.504
0.148718,0.147629,elbow_flex,-30,-10.1436,-29.373,-9.9316,1859,-1550,644,26,12.2,35,ramp,no_load,-164.296
0.158956,0.157868,elbow_flex,-30,-12.0287,-29.373,-11.7773,1838,-1850,568,5,12.2,35,ramp,no_load,-180.279
0.169826,0.168738,elbow_flex,-30,-14.2729,-29.373,-13.9746,1813,-2200,544,0,12.2,35,ramp,no_load,-202.144
0.180821,0.179732,elbow_flex,-30,-16.6068,-29.373,-16.2598,1787,-2200,432,0,12.2,35,ramp,no_load,-207.84
0.191376,0.190288,elbow_flex,-30,-18.4919,-29.373,-18.1055,1766,-2150,396,0,12.2,35,ramp,no_load,-174.865
0.201825,0.200737,elbow_flex,-30,-20.1077,-29.373,-19.6875,1748,-2150,344,0,12.2,35,ramp,no_load,-151.402
0.212089,0.211,elbow_flex,-30,-21.7235,-29.373,-21.2695,1730,-1750,296,0,12.3,35,ramp,no_load,-154.131
0.222936,0.221847,elbow_flex,-30,-23.1598,-29.373,-22.6758,1714,-1750,208,0,12.2,35,ramp,no_load,-129.649
0.233569,0.23248,elbow_flex,-30,-24.5063,-29.373,-23.9941,1699,-1500,156,0,12.2,35,ramp,no_load,-123.982
0.243794,0.242706,elbow_flex,-30,-25.4937,-29.373,-24.9609,1688,-1500,100,0,12.2,35,ramp,no_load,-94.553
0.254937,1e-06,elbow_flex,-28,-26.3914,-27.4148,-25.8398,1678,-1050,64,0,12.2,35,ramp,no_load,-78.875
0.265209,0.010274,elbow_flex,-28,-26.93,-27.4148,-26.3672,1672,-1050,76,0,12.2,35,ramp,no_load,-51.343
0.275669,0.020733,elbow_flex,-28,-27.3788,-27.4148,-26.8066,1667,-600,36,0,12.2,35,ramp,no_load,-42.008
0.286704,0.031768,elbow_flex,-28,-27.7379,-27.4148,-27.1582,1663,-600,1060,1,12.2,35,ramp,no_load,-31.862
0.297303,0.042367,elbow_flex,-28,-27.8276,-27.4148,-27.2461,1662,-350,1092,3,12.2,35,ramp,no_load,-8.293
0.30793,0.052994,elbow_flex,-28,-27.9174,-27.4148,-27.334,1661,-350,1108,3,12.2,35,ramp,no_load,-8.271
0.318326,0.06339,elbow_flex,-28,-27.8276,-27.4148,-27.2461,1662,-100,1048,0,12.2,36,ramp,no_load,8.455
0.32892,0.073984,elbow_flex,-28,-27.8276,-27.4148,-27.2461,1662,50,1048,0,12.2,35,ramp,no_load,0.0
0.339557,0.084622,elbow_flex,-28,-27.8276,-27.4148,-27.2461,1662,50,20,0,12.2,35,ramp,no_load,0.0
0.350661,0.095726,elbow_flex,-28,-27.8276,-27.4148,-27.2461,1662,0,20,0,12.2,35,ramp,no_load,0.0
0.360838,0.105903,elbow_flex,-28,-27.8276,-27.4148,-27.2461,1662,0,20,0,12.2,35,ramp,no_load,0.0
0.371898,0.116962,elbow_flex,-28,-27.9174,-27.4148,-27.334,1661,-50,0,0,12.2,35,ramp,no_load,-7.948
0.382648,0.127713,elbow_flex,-28,-27.9174,-27.4148,-27.334,1661,-50,1044,0,12.2,35,ramp,no_load,0.0
0.393585,0.13865,elbow_flex,-28,-27.9174,-27.4148,-27.334,1661,0,1044,0,12.2,35,ramp,no_load,0.0
0.404222,0.149287,elbow_flex,-28,-27.9174,-27.4148,-27.334,1661,0,0,0,12.2,35,ramp,no_load,0.0
0.415023,0.160088,elbow_flex,-28,-27.9174,-27.4148,-27.334,1661,0,0,0,12.2,35,ramp,no_load,0.0
0.425112,0.170177,elbow_flex,-28,-27.9174,-27.4148,-27.334,1661,0,0,0,12.2,35,ramp,no_load,0.0
0.436113,0.181178,elbow_flex,-28,-27.9174,-27.4148,-27.334,1661,0,0,0,12.2,35,ramp,no_load,0.0
0.446743,0.191808,elbow_flex,-28,-27.9174,-27.4148,-27.334,1661,0,0,0,12.2,35,ramp,no_load,0.0
0.457848,0.202913,elbow_flex,-28,-27.9174,-27.4148,-27.334,1661,0,0,0,12.2,35,ramp,no_load,0.0
0.468486,0.213551,elbow_flex,-28,-27.9174,-27.4148,-27.334,1661,0,0,0,12.2,35,ramp,no_load,0.0
0.478583,0.223647,elbow_flex,-28,-27.9174,-27.4148,-27.334,1661,0,0,0,12.2,35,ramp,no_load,0.0
0.488932,0.233996,elbow_flex,-28,-27.9174,-27.4148,-27.334,1661,0,0,0,12.2,35,ramp,no_load,0.0
0.499084,0.244149,elbow_flex,-28,-27.9174,-27.4148,-27.334,1661,0,0,0,12.2,35,ramp,no_load,0.0
0.509889,1e-06,elbow_flex,-26,-27.9174,-25.4566,-27.334,1661,0,0,0,12.2,35,ramp,no_load,0.0
0.521286,0.011398,elbow_flex,-26,-27.9174,-25.4566,-27.334,1661,0,0,0,12.2,35,ramp,no_load,0.0
0.531915,0.022028,elbow_flex,-26,-27.9174,-25.4566,-27.334,1661,0,1060,0,12.2,35,ramp,no_load,0.0
0.542827,0.03294,elbow_flex,-26,-27.9174,-25.4566,-27.334,1661,0,1116,3,12.2,35,ramp,no_load,0.0
0.553499,0.043611,elbow_flex,-26,-27.8276,-25.4566,-27.2461,1662,0,1136,5,12.2,35,ramp,no_load,8.237
0.564113,0.054226,elbow_flex,-26,-27.8276,-25.4566,-27.2461,1662,0,1156,6,12.2,35,ramp,no_load,0.0
0.574694,0.064807,elbow_flex,-26,-27.7379,-25.4566,-27.1582,1663,50,1116,4,12.2,35,ramp,no_load,8.307
0.585407,0.075519,elbow_flex,-26,-27.6481,-25.4566,-27.0703,1664,50,1112,3,12.2,35,ramp,no_load,8.205
0.595607,0.08572,elbow_flex,-26,-27.5583,-25.4566,-26.9824,1665,100,1096,2,12.2,35,ramp,no_load,8.618
0.605998,0.096111,elbow_flex,-26,-27.4686,-25.4566,-26.8945,1666,100,1092,2,12.2,35,ramp,no_load,8.459
0.616213,0.106326,elbow_flex,-26,-27.4686,-25.4566,-26.8945,1666,100,1096,3,12.2,35,ramp,no_load,0.0
0.627232,0.117344,elbow_flex,-26,-27.3788,-25.4566,-26.8066,1667,50,1092,2,12.2,35,ramp,no_load,7.977
0.638243,0.128356,elbow_flex,-26,-27.3788,-25.4566,-26.8066,1667,50,1092,1,12.2,35,ramp,no_load,0.0
0.648431,0.138543,elbow_flex,-26,-27.3788,-25.4566,-26.8066,1667,0,1092,2,12.2,35,ramp,no_load,0.0
0.65932,0.149433,elbow_flex,-26,-27.3788,-25.4566,-26.8066,1667,0,1096,3,12.2,35,ramp,no_load,0.0
0.670159,0.160272,elbow_flex,-26,-27.4686,-25.4566,-26.8945,1666,-50,1100,3,12.2,35,ramp,no_load,-8.11
0.68115,0.171262,elbow_flex,-26,-27.4686,-25.4566,-26.8945,1666,-50,1104,3,12.2,35,ramp,no_load,0.0
0.692068,0.18218,elbow_flex,-26,-27.4686,-25.4566,-26.8945,1666,0,1104,3,12.2,35,ramp,no_load,0.0
0.702143,0.192256,elbow_flex,-26,-27.4686,-25.4566,-26.8945,1666,0,1100,3,12.2,35,ramp,no_load,0.0
0.712389,0.202502,elbow_flex,-26,-27.4686,-25.4566,-26.8945,1666,0,1100,2,12.2,35,ramp,no_load,0.0
0.723525,0.213638,elbow_flex,-26,-27.4686,-25.4566,-26.8945,1666,0,1100,2,12.2,35,ramp,no_load,0.0
0.734148,0.224261,elbow_flex,-26,-27.4686,-25.4566,-26.8945,1666,0,1100,3,12.2,35,ramp,no_load,0.0
0.744988,0.235101,elbow_flex,-26,-27.4686,-25.4566,-26.8945,1666,0,1100,3,12.2,35,ramp,no_load,0.0
0.755657,0.245769,elbow_flex,-26,-27.3788,-25.4566,-26.8066,1667,0,1092,2,12.2,35,ramp,no_load,8.239
0.766787,1e-06,elbow_flex,-24,-27.3788,-23.4984,-26.8066,1667,50,1092,2,12.2,35,ramp,no_load,0.0
0.777437,0.010651,elbow_flex,-24,-27.3788,-23.4984,-26.8066,1667,50,1100,3,12.2,35,ramp,no_load,0.0
0.787573,0.020787,elbow_flex,-24,-27.3788,-23.4984,-26.8066,1667,0,1120,4,12.2,35,ramp,no_load,0.0
0.798204,0.031418,elbow_flex,-24,-27.289,-23.4984,-26.7187,1668,0,1184,9,12.2,35,ramp,no_load,8.268
0.808404,0.041618,elbow_flex,-24,-27.1993,-23.4984,-26.6309,1669,100,1204,8,12.2,35,ramp,no_load,8.608
0.818957,0.052171,elbow_flex,-24,-27.0197,-23.4984,-26.4551,1671,100,1212,8,12.2,35,ramp,no_load,16.659
0.829587,0.062801,elbow_flex,-24,-26.7504,-23.4984,-26.1914,1674,200,1200,7,12.2,35,ramp,no_load,24.807
0.840147,0.073361,elbow_flex,-24,-26.4811,-23.4984,-25.9277,1677,200,1132,2,12.2,35,ramp,no_load,24.972
0.850706,0.083921,elbow_flex,-24,-26.3016,-23.4984,-25.752,1679,250,1120,3,12.2,35,ramp,no_load,16.64
0.861319,0.094533,elbow_flex,-24,-26.0323,-23.4984,-25.4883,1682,250,1108,2,12.2,35,ramp,no_load,24.847
0.871946,0.10516,elbow_flex,-24,-25.9425,-23.4984,-25.4004,1683,200,1104,2,12.2,35,ramp,no_load,8.271
0.882198,0.115412,elbow_flex,-24,-25.763,-23.4984,-25.2246,1685,200,1100,1,12.2,35,ramp,no_load,17.148
0.892261,0.125475,elbow_flex,-24,-25.6732,-23.4984,-25.1367,1686,150,1096,1,12.2,35,ramp,no_load,8.735
0.90286,0.136074,elbow_flex,-24,-25.5835,-23.4984,-25.0488,1687,150,1100,2,12.2,35,ramp,no_load,8.293
0.913445,0.146659,elbow_flex,-24,-25.5835,-23.4984,-25.0488,1687,100,1104,3,12.2,35,ramp,no_load,0.0
0.923545,0.15676,elbow_flex,-24,-25.4937,-23.4984,-24.9609,1688,100,1100,3,12.2,35,ramp,no_load,8.703
0.934123,0.167337,elbow_flex,-24,-25.4937,-23.4984,-24.9609,1688,50,1100,3,12.2,35,ramp,no_load,0.0
0.945174,0.178388,elbow_flex,-24,-25.4937,-23.4984,-24.9609,1688,0,1100,1,12.2,35,ramp,no_load,0.0
0.955755,0.18897,elbow_flex,-24,-25.4937,-23.4984,-24.9609,1688,0,1104,3,12.2,35,ramp,no_load,0.0
0.96587,0.199084,elbow_flex,-24,-25.4937,-23.4984,-24.9609,1688,0,1104,3,12.2,35,ramp,no_load,0.0
0.97637,0.209584,elbow_flex,-24,-25.4937,-23.4984,-24.9609,1688,0,1104,3,12.2,35,ramp,no_load,0.0
0.986433,0.219647,elbow_flex,-24,-25.4937,-23.4984,-24.9609,1688,0,1104,3,12.2,35,ramp,no_load,0.0
0.99702,0.230234,elbow_flex,-24,-25.4937,-23.4984,-24.9609,1688,0,1104,3,12.2,35,ramp,no_load,0.0
1.007148,0.240362,elbow_flex,-24,-25.4937,-23.4984,-24.9609,1688,0,1104,3,12.2,35,ramp,no_load,0.0
1.018278,1e-06,elbow_flex,-22,-25.4937,-21.5402,-24.9609,1688,0,1104,3,12.2,35,ramp,no_load,0.0
1.028658,0.010382,elbow_flex,-22,-25.4937,-21.5402,-24.9609,1688,0,1108,3,12.2,35,ramp,no_load,0.0
1.039171,0.020895,elbow_flex,-22,-25.4937,-21.5402,-24.9609,1688,0,1140,5,12.2,35,ramp,no_load,0.0
1.050277,0.032,elbow_flex,-22,-25.4937,-21.5402,-24.9609,1688,0,1168,11,12.2,35,ramp,no_load,0.0
1.060911,0.042635,elbow_flex,-22,-25.4039,-21.5402,-24.873,1689,0,1224,11,12.1,34,ramp,no_load,8.266
1.071008,0.052732,elbow_flex,-22,-25.2244,-21.5402,-24.6973,1691,100,1224,5,12.2,35,ramp,no_load,17.401
1.081649,0.063373,elbow_flex,-22,-24.8654,-21.5402,-24.3457,1695,100,1176,5,12.2,35,ramp,no_load,33.042
1.092365,0.074088,elbow_flex,-22,-24.6858,-21.5402,-24.1699,1697,250,1132,2,12.2,35,ramp,no_load,16.405
1.102557,0.084281,elbow_flex,-22,-24.4165,-21.5402,-23.9062,1700,250,1124,3,12.2,35,ramp,no_load,25.873
1.112677,0.094401,elbow_flex,-22,-24.237,-21.5402,-23.7305,1702,300,1116,2,12.2,35,ramp,no_load,17.362
1.123277,0.105,elbow_flex,-22,-24.0575,-21.5402,-23.5547,1704,300,1108,1,12.2,35,ramp,no_load,16.585
1.134345,0.116069,elbow_flex,-22,-23.8779,-21.5402,-23.3789,1706,150,1104,1,12.2,35,ramp,no_load,15.884
1.145226,0.12695,elbow_flex,-22,-23.7882,-21.5402,-23.291,1707,150,1100,1,12.2,35,ramp,no_load,8.078
1.155354,0.137077,elbow_flex,-22,-23.6984,-21.5402,-23.2031,1708,150,1104,2,12.2,43,ramp,no_load,8.679
1.165934,0.147657,elbow_flex,-22,-23.6984,-21.5402,-23.2031,1708,50,1100,2,12.2,35,ramp,no_load,0.0
1.17676,0.158484,elbow_flex,-22,-23.6086,-21.5402,-23.1152,1709,50,1104,2,12.2,35,ramp,no_load,8.119
1.187057,0.168781,elbow_flex,-22,-23.5189,-21.5402,-23.0273,1710,50,1100,2,12.2,35,ramp,no_load,8.536
1.19757,0.179293,elbow_flex,-22,-23.5189,-21.5402,-23.0273,1710,50,1100,3,12.2,35,ramp,no_load,0.0
1.208235,0.189959,elbow_flex,-22,-23.5189,-21.5402,-23.0273,1710,50,1100,3,12.2,35,ramp,no_load,0.0
1.218427,0.200151,elbow_flex,-22,-23.5189,-21.5402,-23.0273,1710,50,1104,2,12.2,35,ramp,no_load,0.0
1.229066,0.210789,elbow_flex,-22,-23.5189,-21.5402,-23.0273,1710,0,1104,3,12.2,35,ramp,no_load,0.0
1.239229,0.220952,elbow_flex,-22,-23.5189,-21.5402,-23.0273,1710,0,1104,3,12.2,35,ramp,no_load,0.0
1.249824,0.231547,elbow_flex,-22,-23.5189,-21.5402,-23.0273,1710,0,1104,3,12.2,35,ramp,no_load,0.0
1.260954,0.242677,elbow_flex,-22,-23.5189,-21.5402,-23.0273,1710,0,1104,3,12.2,35,ramp,no_load,0.0
1.272118,1e-06,elbow_flex,-20,-23.5189,-19.582,-23.0273,1710,0,1104,3,12.2,35,ramp,no_load,0.0
1.282664,0.010547,elbow_flex,-20,-23.5189,-19.582,-23.0273,1710,0,1108,3,12.2,35,ramp,no_load,0.0
1.293236,0.021119,elbow_flex,-20,-23.5189,-19.582,-23.0273,1710,0,1144,6,12.2,35,ramp,no_load,0.0
1.304316,0.032199,elbow_flex,-20,-23.5189,-19.582,-23.0273,1710,0,1172,9,12.2,35,ramp,no_load,0.0
1.314894,0.042777,elbow_flex,-20,-23.3393,-19.582,-22.8516,1712,0,1220,17,12.2,35,ramp,no_load,16.61
1.324994,0.052877,elbow_flex,-20,-23.1598,-19.582,-22.6758,1714,200,1224,10,12.1,35,ramp,no_load,17.406
1.335828,0.063711,elbow_flex,-20,-22.8905,-19.582,-22.4121,1717,200,1160,4,12.2,35,ramp,no_load,24.34
1.345883,0.073766,elbow_flex,-20,-22.6212,-19.582,-22.1484,1720,250,1152,4,12.2,35,ramp,no_load,26.226
1.356464,0.084346,elbow_flex,-20,-22.4417,-19.582,-21.9727,1722,250,1120,2,12.2,35,ramp,no_load,16.605
1.366549,0.094431,elbow_flex,-20,-22.1724,-19.582,-21.709,1725,250,1112,2,12.2,35,ramp,no_load,26.148
1.377369,0.105252,elbow_flex,-20,-21.9928,-19.582,-21.5332,1727,250,1104,1,12.2,35,ramp,no_load,16.248
1.38808,0.115963,elbow_flex,-20,-21.8133,-19.582,-21.3574,1729,200,1096,1,12.2,35,ramp,no_load,16.413
1.398717,0.1266,elbow_flex,-20,-21.7235,-19.582,-21.2695,1730,200,1100,1,12.2,35,ramp,no_load,8.264
1.409411,0.137294,elbow_flex,-20,-21.6338,-19.582,-21.1816,1731,100,1100,2,12.2,35,ramp,no_load,8.22
1.419986,0.147869,elbow_flex,-20,-21.6338,-19.582,-21.1816,1731,100,1100,2,12.2,35,ramp,no_load,0.0
1.430077,0.15796,elbow_flex,-20,-21.6338,-19.582,-21.1816,1731,50,1108,2,12.2,35,ramp,no_load,0.0
1.440651,0.168534,elbow_flex,-20,-21.6338,-19.582,-21.1816,1731,50,1108,3,12.2,35,ramp,no_load,0.0
1.450747,0.17863,elbow_flex,-20,-21.544,-19.582,-21.0938,1732,0,1100,3,12.2,35,ramp,no_load,8.697
1.46166,0.189543,elbow_flex,-20,-21.544,-19.582,-21.0938,1732,50,1100,3,12.2,35,ramp,no_load,0.0
1.472671,0.200554,elbow_flex,-20,-21.544,-19.582,-21.0938,1732,50,1104,3,12.2,42,ramp,no_load,0.0
1.483277,0.21116,elbow_flex,-20,-21.544,-19.582,-21.0938,1732,0,1104,3,12.2,35,ramp,no_load,0.0
1.493736,0.221618,elbow_flex,-20,-21.544,-19.582,-21.0938,1732,0,1104,2,12.2,42,ramp,no_load,0.0
1.504313,0.232196,elbow_flex,-20,-21.4542,-19.582,-21.0059,1733,50,1100,2,12.2,35,ramp,no_load,8.31
1.51448,0.242363,elbow_flex,-20,-21.4542,-19.582,-21.0059,1733,50,1096,2,12.2,35,ramp,no_load,0.0
1.525706,2e-06,elbow_flex,-18,-21.4542,-17.6238,-21.0059,1733,0,1096,2,12.2,35,ramp,no_load,0.0
1.535873,0.010168,elbow_flex,-18,-21.3645,-17.6238,-20.918,1734,0,1100,2,12.2,35,ramp,no_load,8.646
1.546451,0.020747,elbow_flex,-18,-21.3645,-17.6238,-20.918,1734,50,1120,4,12.2,35,ramp,no_load,0.0
1.556564,0.03086,elbow_flex,-18,-21.3645,-17.6238,-20.918,1734,50,1172,7,12.2,43,ramp,no_load,0.0
1.567142,0.041437,elbow_flex,-18,-21.1849,-17.6238,-20.7422,1736,50,1188,11,12.2,35,ramp,no_load,16.619
1.578313,0.052609,elbow_flex,-18,-21.0054,-17.6238,-20.5664,1738,50,1208,9,12.1,35,ramp,no_load,15.737
1.588954,0.063249,elbow_flex,-18,-20.8259,-17.6238,-20.3906,1740,150,1148,3,12.2,35,ramp,no_load,16.521
1.599131,0.073427,elbow_flex,-18,-20.5566,-17.6238,-20.127,1743,150,1136,3,12.2,35,ramp,no_load,25.902
1.609213,0.083508,elbow_flex,-18,-20.2873,-17.6238,-19.8633,1746,300,1116,2,12.2,35,ramp,no_load,26.156
1.620279,0.094574,elbow_flex,-18,-20.1077,-17.6238,-19.6875,1748,200,1108,2,12.2,35,ramp,no_load,15.886
1.630856,0.105152,elbow_flex,-18,-19.9282,-17.6238,-19.5117,1750,200,1104,1,12.2,35,ramp,no_load,16.621
1.64094,0.115236,elbow_flex,-18,-19.7487,-17.6238,-19.3359,1752,200,1096,0,12.2,36,ramp,no_load,17.434
1.651585,0.12588,elbow_flex,-18,-19.6589,-17.6238,-19.248,1753,200,1096,0,12.2,35,ramp,no_load,8.257
1.662612,0.136907,elbow_flex,-18,-19.5691,-17.6238,-19.1602,1754,100,1092,1,12.2,35,ramp,no_load,7.962
1.673624,0.147919,elbow_flex,-18,-19.4794,-17.6238,-19.0723,1755,100,1096,2,12.2,35,ramp,no_load,7.982
1.684592,0.158887,elbow_flex,-18,-19.4794,-17.6238,-19.0723,1755,50,1096,2,12.2,35,ramp,no_load,0.0
1.695604,0.169899,elbow_flex,-18,-19.4794,-17.6238,-19.0723,1755,50,1096,2,12.2,35,ramp,no_load,0.0
1.706206,0.180502,elbow_flex,-18,-19.4794,-17.6238,-19.0723,1755,0,1096,3,12.2,35,ramp,no_load,0.0
1.716309,0.190605,elbow_flex,-18,-19.3896,-17.6238,-18.9844,1756,0,1096,3,12.2,34,ramp,no_load,8.7
1.72737,0.201666,elbow_flex,-18,-19.3896,-17.6238,-18.9844,1756,50,1092,2,12.2,35,ramp,no_load,0.0
1.738435,0.21273,elbow_flex,-18,-19.3896,-17.6238,-18.9844,1756,50,1092,2,12.2,35,ramp,no_load,0.0
1.749495,0.223791,elbow_flex,-18,-19.3896,-17.6238,-18.9844,1756,0,1096,1,12.2,35,ramp,no_load,0.0
1.76061,0.234906,elbow_flex,-18,-19.2998,-17.6238,-18.8965,1757,50,1092,1,12.2,35,ramp,no_load,7.908
1.771202,0.245498,elbow_flex,-18,-19.2998,-17.6238,-18.8965,1757,50,1088,2,12.2,35,ramp,no_load,0.0
1.781875,1e-06,elbow_flex,-16,-19.2998,-15.6656,-18.8965,1757,0,1088,2,12.2,35,ramp,no_load,0.0
1.792683,0.01081,elbow_flex,-16,-19.2101,-15.6656,-18.8086,1758,0,1092,2,12.2,35,ramp,no_load,8.133
1.80369,0.021816,elbow_flex,-16,-19.2101,-15.6656,-18.8086,1758,50,1112,3,12.2,35,ramp,no_load,0.0
1.814303,0.032429,elbow_flex,-16,-19.2101,-15.6656,-18.8086,1758,50,1172,8,12.2,35,ramp,no_load,0.0
1.824383,0.042509,elbow_flex,-16,-19.1203,-15.6656,-18.7207,1759,50,1192,8,12.2,35,ramp,no_load,8.72
1.83496,0.053086,elbow_flex,-16,-18.9408,-15.6656,-18.5449,1761,50,1208,9,12.2,35,ramp,no_load,16.621
1.846026,0.064152,elbow_flex,-16,-18.5817,-15.6656,-18.1934,1765,200,1196,4,12.2,35,ramp,no_load,31.764
1.856714,0.07484,elbow_flex,-16,-18.3124,-15.6656,-17.9297,1768,200,1128,3,12.2,35,ramp,no_load,24.673
1.867211,0.085337,elbow_flex,-16,-18.0431,-15.6656,-17.666,1771,250,1104,2,12.2,35,ramp,no_load,25.121
1.878221,0.096347,elbow_flex,-16,-17.8636,-15.6656,-17.4902,1773,250,1096,1,12.2,35,ramp,no_load,15.967
1.888853,0.10698,elbow_flex,-16,-17.684,-15.6656,-17.3145,1775,250,1100,1,12.2,35,ramp,no_load,16.526
1.899484,0.11761,elbow_flex,-16,-17.5943,-15.6656,-17.2266,1776,150,1092,0,12.2,35,ramp,no_load,8.268
1.910654,0.12878,elbow_flex,-16,-17.4147,-15.6656,-17.0508,1778,150,1084,0,12.2,35,ramp,no_load,15.739
1.921235,0.139361,elbow_flex,-16,-17.325,-15.6656,-16.9629,1779,150,1080,1,12.2,35,ramp,no_load,8.307
1.932317,0.150444,elbow_flex,-16,-17.325,-15.6656,-16.9629,1779,150,1092,2,12.2,35,ramp,no_load,0.0
1.94238,0.160506,elbow_flex,-16,-17.325,-15.6656,-16.9629,1779,0,1092,2,12.2,35,ramp,no_load,0.0
1.952877,0.171003,elbow_flex,-16,-17.325,-15.6656,-16.9629,1779,0,1096,3,12.2,35,ramp,no_load,0.0
1.963506,0.181632,elbow_flex,-16,-17.325,-15.6656,-16.9629,1779,0,1096,2,12.2,35,ramp,no_load,0.0
1.973578,0.191704,elbow_flex,-16,-17.325,-15.6656,-16.9629,1779,0,1096,2,12.2,35,ramp,no_load,0.0
1.984183,0.202309,elbow_flex,-16,-17.325,-15.6656,-16.9629,1779,0,1096,2,12.2,35,ramp,no_load,0.0
1.994318,0.212444,elbow_flex,-16,-17.325,-15.6656,-16.9629,1779,0,1096,3,12.2,35,ramp,no_load,0.0
2.004899,0.223026,elbow_flex,-16,-17.325,-15.6656,-16.9629,1779,0,1096,2,12.2,35,ramp,no_load,0.0
2.01596,0.234086,elbow_flex,-16,-17.325,-15.6656,-16.9629,1779,0,1096,2,12.2,35,ramp,no_load,0.0
2.026303,0.244429,elbow_flex,-16,-17.325,-15.6656,-16.9629,1779,0,1096,3,12.2,35,ramp,no_load,0.0
2.03737,1e-06,elbow_flex,-14,-17.325,-13.7074,-16.9629,1779,0,1096,3,12.2,35,ramp,no_load,0.0
2.048708,0.01134,elbow_flex,-14,-17.325,-13.7074,-16.9629,1779,0,1104,3,12.2,35,ramp,no_load,0.0
2.059495,0.022126,elbow_flex,-14,-17.325,-13.7074,-16.9629,1779,0,1124,5,12.2,35,ramp,no_load,0.0
2.07012,0.032752,elbow_flex,-14,-17.325,-13.7074,-16.9629,1779,0,1192,9,12.2,35,ramp,no_load,0.0
2.0812,0.043832,elbow_flex,-14,-17.1454,-13.7074,-16.7871,1781,50,1208,8,12.2,35,ramp,no_load,15.866
2.091817,0.054448,elbow_flex,-14,-16.8761,-13.7074,-16.5234,1784,50,1188,6,12.2,35,ramp,no_load,24.838
2.102546,0.065177,elbow_flex,-14,-16.6068,-13.7074,-16.2598,1787,300,1172,5,12.2,35,ramp,no_load,24.569
2.11315,0.075782,elbow_flex,-14,-16.3375,-13.7074,-15.9961,1790,300,1120,3,12.2,35,ramp,no_load,24.868
2.123339,0.085971,elbow_flex,-14,-16.0682,-13.7074,-15.7324,1793,300,1112,1,12.2,35,ramp,no_load,25.881
2.133924,0.096556,elbow_flex,-14,-15.8887,-13.7074,-15.5566,1795,300,1092,1,12.2,35,ramp,no_load,16.608
2.144135,0.106767,elbow_flex,-14,-15.7092,-13.7074,-15.3809,1797,200,1084,0,12.2,43,ramp,no_load,17.207
2.154714,0.117346,elbow_flex,-14,-15.5296,-13.7074,-15.2051,1799,200,1088,0,12.2,35,ramp,no_load,16.618
2.165665,0.128297,elbow_flex,-14,-15.4399,-13.7074,-15.1172,1800,150,1092,1,12.2,35,ramp,no_load,8.027
2.175871,0.138503,elbow_flex,-14,-15.3501,-13.7074,-15.0293,1801,150,1088,1,12.2,35,ramp,no_load,8.613
2.186352,0.148984,elbow_flex,-14,-15.3501,-13.7074,-15.0293,1801,100,1092,2,12.2,35,ramp,no_load,0.0
2.19693,0.159562,elbow_flex,-14,-15.2603,-13.7074,-14.9414,1802,50,1088,2,12.2,35,ramp,no_load,8.31
2.20811,0.170741,elbow_flex,-14,-15.2603,-13.7074,-14.9414,1802,50,1088,1,12.2,35,ramp,no_load,0.0
2.218702,0.181333,elbow_flex,-14,-15.2603,-13.7074,-14.9414,1802,0,1088,1,12.2,35,ramp,no_load,0.0
2.228828,0.19146,elbow_flex,-14,-15.2603,-13.7074,-14.9414,1802,0,1092,1,12.2,35,ramp,no_load,0.0
2.239515,0.202146,elbow_flex,-14,-15.1706,-13.7074,-14.8535,1803,50,1088,1,12.2,35,ramp,no_load,8.225
2.249733,0.212364,elbow_flex,-14,-15.1706,-13.7074,-14.8535,1803,50,1084,2,12.2,34,ramp,no_load,0.0
2.260619,0.22325,elbow_flex,-14,-15.1706,-13.7074,-14.8535,1803,0,1084,1,12.2,35,ramp,no_load,0.0
2.271725,0.234356,elbow_flex,-14,-15.1706,-13.7074,-14.8535,1803,0,1088,1,12.2,35,ramp,no_load,0.0
2.282328,0.24496,elbow_flex,-14,-15.1706,-13.7074,-14.8535,1803,0,1088,1,12.2,35,ramp,no_load,0.0
2.29312,1e-06,elbow_flex,-12,-15.1706,-11.7492,-14.8535,1803,0,1088,2,12.2,35,ramp,no_load,0.0
2.303682,0.010563,elbow_flex,-12,-15.1706,-11.7492,-14.8535,1803,0,1096,3,12.2,35,ramp,no_load,0.0
2.314409,0.02129,elbow_flex,-12,-15.1706,-11.7492,-14.8535,1803,0,1116,4,12.2,35,ramp,no_load,0.0
2.325,0.031881,elbow_flex,-12,-15.1706,-11.7492,-14.8535,1803,0,1192,11,12.2,35,ramp,no_load,0.0
2.335989,0.04287,elbow_flex,-12,-15.0808,-11.7492,-14.7656,1804,50,1208,9,12.2,35,ramp,no_load,7.999
2.346589,0.05347,elbow_flex,-12,-14.8115,-11.7492,-14.502,1807,50,1184,6,12.2,35,ramp,no_load,24.868
2.357667,0.064548,elbow_flex,-12,-14.5422,-11.7492,-14.2383,1810,300,1172,5,12.2,35,ramp,no_load,23.804
2.368307,0.075188,elbow_flex,-12,-14.2729,-11.7492,-13.9746,1813,300,1112,2,12.2,35,ramp,no_load,24.784
2.378463,0.085344,elbow_flex,-12,-14.0036,-11.7492,-13.7109,1816,250,1100,1,12.2,35,ramp,no_load,25.965
2.388961,0.095842,elbow_flex,-12,-13.8241,-11.7492,-13.5352,1818,250,1096,1,12.2,35,ramp,no_load,16.737
2.399465,0.106346,elbow_flex,-12,-13.6445,-11.7492,-13.3594,1820,200,1088,0,12.2,35,ramp,no_load,16.736
2.410676,0.117557,elbow_flex,-12,-13.465,-11.7492,-13.1836,1822,200,1084,0,12.2,35,ramp,no_load,15.681
2.420855,0.127736,elbow_flex,-12,-13.3752,-11.7492,-13.0957,1823,150,1080,0,12.2,35,ramp,no_load,8.635
2.43149,0.138371,elbow_flex,-12,-13.3752,-11.7492,-13.0957,1823,150,1088,0,12.2,35,ramp,no_load,0.0
2.442443,0.149324,elbow_flex,-12,-13.2855,-11.7492,-13.0078,1824,100,1088,1,12.2,34,ramp,no_load,8.025
2.453026,0.159907,elbow_flex,-12,-13.2855,-11.7492,-13.0078,1824,100,1088,2,12.2,35,ramp,no_load,0.0
2.463575,0.170456,elbow_flex,-12,-13.2855,-11.7492,-13.0078,1824,0,1092,2,12.2,35,ramp,no_load,0.0
2.474154,0.181035,elbow_flex,-12,-13.2855,-11.7492,-13.0078,1824,0,1092,2,12.2,35,ramp,no_load,0.0
2.484777,0.191658,elbow_flex,-12,-13.1957,-11.7492,-12.9199,1825,0,1084,2,12.2,35,ramp,no_load,8.274
2.495852,0.202733,elbow_flex,-12,-13.1957,-11.7492,-12.9199,1825,50,1084,1,12.2,35,ramp,no_load,0.0
2.506484,0.213365,elbow_flex,-12,-13.1957,-11.7492,-12.9199,1825,50,1088,2,12.2,35,ramp,no_load,0.0
2.517013,0.223894,elbow_flex,-12,-13.1957,-11.7492,-12.9199,1825,0,1088,2,12.2,35,ramp,no_load,0.0
2.527517,0.234398,elbow_flex,-12,-13.1957,-11.7492,-12.9199,1825,0,1088,2,12.2,35,ramp,no_load,0.0
2.538106,0.244987,elbow_flex,-12,-13.1957,-11.7492,-12.9199,1825,0,1088,2,12.2,35,ramp,no_load,0.0
2.548961,1e-06,elbow_flex,-10,-13.1957,-9.791,-12.9199,1825,0,1088,2,12.2,35,ramp,no_load,0.0
2.559231,0.010272,elbow_flex,-10,-13.1957,-9.791,-12.9199,1825,0,1092,2,12.2,35,ramp,no_load,0.0
2.569848,0.020888,elbow_flex,-10,-13.1957,-9.791,-12.9199,1825,0,1120,4,12.2,35,ramp,no_load,0.0
2.579974,0.031015,elbow_flex,-10,-13.1957,-9.791,-12.9199,1825,0,1148,7,12.2,35,ramp,no_load,0.0
2.590553,0.041593,elbow_flex,-10,-13.0162,-9.791,-12.7441,1827,0,1208,10,12.2,35,ramp,no_load,16.618
2.601193,0.052234,elbow_flex,-10,-12.8366,-9.791,-12.5684,1829,150,1208,5,12.2,35,ramp,no_load,16.513
2.611793,0.062833,elbow_flex,-10,-12.5673,-9.791,-12.3047,1832,150,1164,4,12.2,35,ramp,no_load,24.877
2.622487,0.073527,elbow_flex,-10,-12.2083,-9.791,-11.9531,1836,250,1112,1,12.2,35,ramp,no_load,32.878
2.633068,0.084108,elbow_flex,-10,-12.0287,-9.791,-11.7773,1838,250,1104,1,12.2,35,ramp,no_load,16.615
2.644183,0.095223,elbow_flex,-10,-11.7594,-9.791,-11.5137,1841,300,1092,1,12.2,35,ramp,no_load,23.716
2.654788,0.105828,elbow_flex,-10,-11.5799,-9.791,-11.3379,1843,200,1088,0,12.2,35,ramp,no_load,16.577
2.665708,0.116748,elbow_flex,-10,-11.4004,-9.791,-11.1621,1845,200,1084,0,12.2,35,ramp,no_load,16.099
2.676691,0.127732,elbow_flex,-10,-11.3106,-9.791,-11.0742,1846,150,1080,0,12.2,35,ramp,no_load,8.003
2.687685,0.138725,elbow_flex,-10,-11.2208,-9.791,-10.9863,1847,150,1084,1,12.2,35,ramp,no_load,7.995
2.698672,0.149713,elbow_flex,-10,-11.1311,-9.791,-10.8984,1848,50,1080,1,12.2,35,ramp,no_load,8.0
2.709596,0.160636,elbow_flex,-10,-11.1311,-9.791,-10.8984,1848,50,1084,2,12.2,35,ramp,no_load,0.0
2.720648,0.171689,elbow_flex,-10,-11.1311,-9.791,-10.8984,1848,50,1088,2,12.2,35,ramp,no_load,0.0
2.731272,0.182312,elbow_flex,-10,-11.1311,-9.791,-10.8984,1848,50,1088,1,12.2,35,ramp,no_load,0.0
2.742024,0.193065,elbow_flex,-10,-11.1311,-9.791,-10.8984,1848,0,1084,4,12.2,35,ramp,no_load,0.0
2.752659,0.203699,elbow_flex,-10,-11.0413,-9.791,-10.8105,1849,0,1084,1,12.2,35,ramp,no_load,8.265
2.763244,0.214284,elbow_flex,-10,-11.0413,-9.791,-10.8105,1849,50,1080,0,12.2,35,ramp,no_load,0.0
2.773844,0.224884,elbow_flex,-10,-11.0413,-9.791,-10.8105,1849,0,1080,1,12.2,35,ramp,no_load,0.0
2.784598,0.235638,elbow_flex,-10,-10.9515,-9.791,-10.7227,1850,0,1076,1,12.2,34,ramp,no_load,8.164
2.795232,0.246273,elbow_flex,-10,-10.9515,-9.791,-10.7227,1850,50,1076,1,12.2,35,ramp,no_load,0.0
2.806592,1e-06,elbow_flex,-8,-10.9515,-7.8328,-10.7227,1850,50,1080,1,12.2,35,ramp,no_load,0.0
2.816889,0.010298,elbow_flex,-8,-10.9515,-7.8328,-10.7227,1850,0,1084,2,12.2,35,ramp,no_load,0.0
2.827362,0.020771,elbow_flex,-8,-10.9515,-7.8328,-10.7227,1850,0,1116,3,12.2,35,ramp,no_load,0.0
2.837784,0.031193,elbow_flex,-8,-10.8618,-7.8328,-10.6348,1851,0,1140,4,12.2,35,ramp,no_load,8.434
2.847939,0.041348,elbow_flex,-8,-10.8618,-7.8328,-10.6348,1851,0,1196,7,12.2,35,ramp,no_load,0.0
2.85835,0.051759,elbow_flex,-8,-10.6822,-7.8328,-10.459,1853,100,1196,7,12.1,35,ramp,no_load,16.886
2.868897,0.062306,elbow_flex,-8,-10.3232,-7.8328,-10.1074,1857,100,1156,4,12.2,35,ramp,no_load,33.336
2.879536,0.072945,elbow_flex,-8,-10.1436,-7.8328,-9.9316,1859,300,1144,1,12.2,35,ramp,no_load,16.524
2.889629,0.083037,elbow_flex,-8,-9.8743,-7.8328,-9.668,1862,300,1092,1,12.2,35,ramp,no_load,26.117
2.900211,0.09362,elbow_flex,-8,-9.605,-7.8328,-9.4043,1865,250,1088,1,12.2,35,ramp,no_load,24.92
2.910329,0.103738,elbow_flex,-8,-9.4255,-7.8328,-9.2285,1867,250,1080,0,12.2,35,ramp,no_load,17.375
2.920923,0.114331,elbow_flex,-8,-9.246,-7.8328,-9.0527,1869,200,1076,0,12.2,35,ramp,no_load,16.594
2.93111,0.124518,elbow_flex,-8,-9.1562,-7.8328,-8.9648,1870,200,1072,0,12.2,35,ramp,no_load,8.629
2.94158,0.134989,elbow_flex,-8,-9.0664,-7.8328,-8.877,1871,150,1080,1,12.2,35,ramp,no_load,8.386
2.952213,0.145621,elbow_flex,-8,-9.0664,-7.8328,-8.877,1871,50,1080,0,12.2,35,ramp,no_load,0.0
2.962847,0.156255,elbow_flex,-8,-9.0664,-7.8328,-8.877,1871,50,1076,1,12.2,35,ramp,no_load,0.0
2.972959,0.166368,elbow_flex,-8,-8.9767,-7.8328,-8.7891,1872,50,1076,1,12.2,35,ramp,no_load,8.693
2.983597,0.177006,elbow_flex,-8,-8.9767,-7.8328,-8.7891,1872,50,1076,1,12.2,35,ramp,no_load,0.0
2.994176,0.187585,elbow_flex,-8,-8.9767,-7.8328,-8.7891,1872,0,1076,1,12.2,35,ramp,no_load,0.0
3.0047,0.198109,elbow_flex,-8,-8.9767,-7.8328,-8.7891,1872,0,1080,2,12.2,35,ramp,no_load,0.0
3.014837,0.208246,elbow_flex,-8,-8.8869,-7.8328,-8.7012,1873,0,1076,1,12.2,35,ramp,no_load,8.671
3.024901,0.21831,elbow_flex,-8,-8.8869,-7.8328,-8.7012,1873,0,1072,1,12.2,35,ramp,no_load,0.0
3.035522,0.228931,elbow_flex,-8,-8.8869,-7.8328,-8.7012,1873,50,1072,0,12.2,35,ramp,no_load,0.0
3.045694,0.239102,elbow_flex,-8,-8.8869,-7.8328,-8.7012,1873,50,1076,1,12.2,35,ramp,no_load,0.0
3.056282,0.24969,elbow_flex,-8,-8.8869,-7.8328,-8.7012,1873,0,1076,1,12.2,35,ramp,no_load,0.0
3.066922,1e-06,elbow_flex,-6,-8.8869,-5.8746,-8.7012,1873,0,1076,1,12.2,35,ramp,no_load,0.0
3.077017,0.010096,elbow_flex,-6,-8.8869,-5.8746,-8.7012,1873,0,1080,1,12.2,35,ramp,no_load,0.0
3.088093,0.021172,elbow_flex,-6,-8.8869,-5.8746,-8.7012,1873,0,1108,2,12.2,35,ramp,no_load,0.0
3.098726,0.031805,elbow_flex,-6,-8.8869,-5.8746,-8.7012,1873,0,1172,8,12.2,35,ramp,no_load,0.0
3.109676,0.042755,elbow_flex,-6,-8.7971,-5.8746,-8.6133,1874,0,1192,8,12.2,35,ramp,no_load,8.027
3.120687,0.053766,elbow_flex,-6,-8.6176,-5.8746,-8.4375,1876,50,1172,4,12.2,79,ramp,no_load,15.966
3.131702,0.064781,elbow_flex,-6,-8.3483,-5.8746,-8.1738,1879,250,1160,3,12.2,35,ramp,no_load,23.94
3.142695,0.075774,elbow_flex,-6,-7.9892,-5.8746,-7.8223,1883,250,1100,1,12.2,35,ramp,no_load,31.975
3.153681,0.08676,elbow_flex,-6,-7.7199,-5.8746,-7.5586,1886,300,1088,1,12.2,35,ramp,no_load,24.003
3.164722,0.097801,elbow_flex,-6,-7.5404,-5.8746,-7.3828,1888,300,1084,0,12.2,35,ramp,no_load,15.922
3.175685,0.108764,elbow_flex,-6,-7.1813,-5.8746,-7.0313,1892,250,1068,0,12.2,35,ramp,no_load,32.062
3.186722,0.119801,elbow_flex,-6,-7.0916,-5.8746,-6.9434,1893,250,1064,0,12.2,35,ramp,no_load,7.964
3.197681,0.13076,elbow_flex,-6,-7.0018,-5.8746,-6.8555,1894,150,1072,0,12.2,35,ramp,no_load,8.021
3.208703,0.141782,elbow_flex,-6,-7.0018,-5.8746,-6.8555,1894,150,1072,1,12.2,35,ramp,no_load,0.0
3.219166,0.152245,elbow_flex,-6,-7.0018,-5.8746,-6.8555,1894,50,1080,0,12.2,35,ramp,no_load,0.0
3.230147,0.163226,elbow_flex,-6,-7.0018,-5.8746,-6.8555,1894,0,1080,2,12.2,35,ramp,no_load,0.0
3.240693,0.173772,elbow_flex,-6,-7.0018,-5.8746,-6.8555,1894,0,1080,2,12.2,35,ramp,no_load,0.0
3.251728,0.184807,elbow_flex,-6,-7.0018,-5.8746,-6.8555,1894,0,1080,2,12.2,35,ramp,no_load,0.0
3.262674,0.195752,elbow_flex,-6,-7.0018,-5.8746,-6.8555,1894,0,1080,2,12.2,35,ramp,no_load,0.0
3.273777,0.206855,elbow_flex,-6,-7.0018,-5.8746,-6.8555,1894,0,1080,1,12.2,35,ramp,no_load,0.0
3.284679,0.217757,elbow_flex,-6,-7.0018,-5.8746,-6.8555,1894,0,1080,1,12.2,35,ramp,no_load,0.0
3.295826,0.228905,elbow_flex,-6,-6.912,-5.8746,-6.7676,1895,50,1076,0,12.2,35,ramp,no_load,7.886
3.306223,0.239302,elbow_flex,-6,-6.8223,-5.8746,-6.6797,1896,50,1068,0,12.2,35,ramp,no_load,8.454
3.317764,1e-06,elbow_flex,-4,-6.8223,-3.9164,-6.6797,1896,50,1068,1,12.2,35,ramp,no_load,0.0
3.328343,0.010579,elbow_flex,-4,-6.8223,-3.9164,-6.6797,1896,50,1072,1,12.2,35,ramp,no_load,0.0
3.339196,0.021432,elbow_flex,-4,-6.8223,-3.9164,-6.6797,1896,0,1116,4,12.2,35,ramp,no_load,0.0
3.350201,0.032438,elbow_flex,-4,-6.7325,-3.9164,-6.5918,1897,50,1140,4,12.2,35,ramp,no_load,7.987
3.361364,0.043601,elbow_flex,-4,-6.6427,-3.9164,-6.5039,1898,50,1184,7,12.2,35,ramp,no_load,7.874
3.372222,0.054458,elbow_flex,-4,-6.4632,-3.9164,-6.3281,1900,150,1188,6,12.2,38,ramp,no_load,16.191
3.382408,0.064644,elbow_flex,-4,-6.1939,-3.9164,-6.0645,1903,150,1132,2,12.2,35,ramp,no_load,25.879
3.393291,0.075528,elbow_flex,-4,-5.9246,-3.9164,-5.8008,1906,250,1120,2,12.2,35,ramp,no_load,24.23
3.403953,0.08619,elbow_flex,-4,-5.7451,-3.9164,-5.625,1908,250,1088,0,12.2,35,ramp,no_load,16.488
3.414927,0.097164,elbow_flex,-4,-5.4758,-3.9164,-5.3613,1911,250,1080,0,12.2,35,ramp,no_load,24.03
3.425532,0.107769,elbow_flex,-4,-5.2065,-3.9164,-5.0977,1914,250,1068,0,12.2,35,ramp,no_load,24.856
3.436466,0.118702,elbow_flex,-4,-5.0269,-3.9164,-4.9219,1916,200,1064,0,12.2,35,ramp,no_load,16.078
3.44686,0.129097,elbow_flex,-4,-4.9372,-3.9164,-4.834,1917,200,1060,0,12.2,35,ramp,no_load,8.457
3.457184,0.13942,elbow_flex,-4,-4.9372,-3.9164,-4.834,1917,150,1072,1,12.2,35,ramp,no_load,0.0
3.467318,0.149554,elbow_flex,-4,-4.9372,-3.9164,-4.834,1917,150,1072,1,12.2,35,ramp,no_load,0.0
3.478322,0.160559,elbow_flex,-4,-4.9372,-3.9164,-4.834,1917,0,1076,1,12.2,35,ramp,no_load,0.0
3.489374,0.171611,elbow_flex,-4,-4.9372,-3.9164,-4.834,1917,0,1076,1,12.2,35,ramp,no_load,0.0
3.49945,0.181686,elbow_flex,-4,-4.9372,-3.9164,-4.834,1917,0,1076,1,12.2,35,ramp,no_load,0.0
3.509542,0.191778,elbow_flex,-4,-4.9372,-3.9164,-4.834,1917,0,1076,1,12.2,35,ramp,no_load,0.0
3.519726,0.201962,elbow_flex,-4,-4.9372,-3.9164,-4.834,1917,0,1076,2,12.2,35,ramp,no_load,0.0
3.530688,0.212925,elbow_flex,-4,-4.9372,-3.9164,-4.834,1917,0,1076,1,12.2,35,ramp,no_load,0.0
3.541661,0.223897,elbow_flex,-4,-4.8474,-3.9164,-4.7461,1918,0,1072,1,12.2,35,ramp,no_load,8.011
3.552266,0.234502,elbow_flex,-4,-4.8474,-3.9164,-4.7461,1918,50,1072,1,12.2,35,ramp,no_load,0.0
3.562359,0.244596,elbow_flex,-4,-4.8474,-3.9164,-4.7461,1918,50,1068,0,12.2,35,ramp,no_load,0.0
3.573866,1e-06,elbow_flex,-2,-4.8474,-1.9582,-4.7461,1918,0,1068,1,12.2,35,ramp,no_load,0.0
3.584491,0.010627,elbow_flex,-2,-4.7576,-1.9582,-4.6582,1919,0,1072,0,12.2,35,ramp,no_load,8.273
3.595328,0.021463,elbow_flex,-2,-4.7576,-1.9582,-4.6582,1919,50,1112,4,12.2,35,ramp,no_load,0.0
3.606327,0.032463,elbow_flex,-2,-4.7576,-1.9582,-4.6582,1919,50,1144,5,12.2,35,ramp,no_load,0.0
3.616829,0.042965,elbow_flex,-2,-4.5781,-1.9582,-4.4824,1921,0,1192,8,12.2,35,ramp,no_load,16.74
3.626887,0.053023,elbow_flex,-2,-4.4883,-1.9582,-4.3945,1922,0,1196,6,12.2,35,ramp,no_load,8.739
3.637464,0.0636,elbow_flex,-2,-4.1293,-1.9582,-4.043,1926,200,1124,1,12.2,35,ramp,no_load,33.232
3.648101,0.074237,elbow_flex,-2,-3.86,-1.9582,-3.7793,1929,300,1112,2,12.2,35,ramp,no_load,24.791
3.658911,0.085047,elbow_flex,-2,-3.5907,-1.9582,-3.5156,1932,300,1084,0,12.2,35,ramp,no_load,24.394
3.669927,0.096062,elbow_flex,-2,-3.4111,-1.9582,-3.3398,1934,250,1072,0,12.2,35,ramp,no_load,15.959
3.680961,0.107096,elbow_flex,-2,-3.0521,-1.9582,-2.9883,1938,250,1064,0,12.2,35,ramp,no_load,31.856
3.691919,0.118055,elbow_flex,-2,-2.8725,-1.9582,-2.8125,1940,250,1056,0,12.2,35,ramp,no_load,16.043
3.702923,0.129059,elbow_flex,-2,-2.693,-1.9582,-2.6367,1942,250,1048,0,12.2,35,ramp,no_load,15.976
3.71399,0.140125,elbow_flex,-2,-2.693,-1.9582,-2.6367,1942,150,1048,0,12.2,35,ramp,no_load,0.0
3.724924,0.151059,elbow_flex,-2,-2.693,-1.9582,-2.6367,1942,150,1064,0,12.2,35,ramp,no_load,0.0
3.736038,0.162173,elbow_flex,-2,-2.7828,-1.9582,-2.7246,1941,0,1072,0,12.2,35,ramp,no_load,-7.909
3.747086,0.173221,elbow_flex,-2,-2.8725,-1.9582,-2.8125,1940,-100,1076,2,12.2,35,ramp,no_load,-7.956
3.757914,0.184049,elbow_flex,-2,-2.8725,-1.9582,-2.8125,1940,-100,1084,1,12.2,35,ramp,no_load,0.0
3.768914,0.195049,elbow_flex,-2,-2.8725,-1.9582,-2.8125,1940,0,1084,1,12.2,35,ramp,no_load,0.0
3.779942,0.206077,elbow_flex,-2,-2.8725,-1.9582,-2.8125,1940,0,1076,1,12.2,35,ramp,no_load,0.0
3.790953,0.217089,elbow_flex,-2,-2.8725,-1.9582,-2.8125,1940,0,1076,1,12.2,35,ramp,no_load,0.0
3.801964,0.228099,elbow_flex,-2,-2.7828,-1.9582,-2.7246,1941,0,1072,1,12.2,35,ramp,no_load,7.983
3.812087,0.238222,elbow_flex,-2,-2.7828,-1.9582,-2.7246,1941,50,1072,0,12.2,34,ramp,no_load,0.0
3.823133,0.249268,elbow_flex,-2,-2.693,-1.9582,-2.6367,1942,50,1064,1,12.2,35,ramp,no_load,7.958
3.834513,1e-06,elbow_flex,0,-2.693,0.0,-2.6367,1942,50,1064,0,12.2,35,ramp,no_load,0.0
3.844941,0.01043,elbow_flex,0,-2.693,0.0,-2.6367,1942,50,1068,0,12.2,35,ramp,no_load,0.0
3.855924,0.021413,elbow_flex,0,-2.693,0.0,-2.6367,1942,0,1112,3,12.2,35,ramp,no_load,0.0
3.867038,0.032527,elbow_flex,0,-2.6032,0.0,-2.5488,1943,50,1136,3,12.2,35,ramp,no_load,7.909
3.878095,0.043583,elbow_flex,0,-2.5135,0.0,-2.4609,1944,50,1176,8,12.2,35,ramp,no_load,7.95
3.88899,0.054479,elbow_flex,0,-2.2442,0.0,-2.1973,1947,150,1172,3,12.2,35,ramp,no_load,24.195
3.899987,0.065475,elbow_flex,0,-1.9749,0.0,-1.9336,1950,150,1120,1,12.2,35,ramp,no_load,23.979
3.910925,0.076413,elbow_flex,0,-1.7056,0.0,-1.6699,1953,300,1112,0,12.2,35,ramp,no_load,24.109
3.921907,0.087395,elbow_flex,0,-1.4363,0.0,-1.4062,1956,300,1076,0,12.2,35,ramp,no_load,24.012
3.932934,0.098422,elbow_flex,0,-1.167,0.0,-1.1426,1959,250,1060,0,12.2,35,ramp,no_load,23.905
3.943091,0.108579,elbow_flex,0,-0.8977,0.0,-0.8789,1962,250,1048,0,12.2,35,ramp,no_load,25.962
3.954023,0.119511,elbow_flex,0,-0.6284,0.0,-0.6152,1965,300,1044,0,12.2,35,ramp,no_load,24.122
3.964967,0.130456,elbow_flex,0,-0.5386,0.0,-0.5273,1966,150,0,0,12.2,35,ramp,no_load,8.032
3.975936,0.141425,elbow_flex,0,-0.4488,0.0,-0.4395,1967,150,1048,0,12.2,35,ramp,no_load,8.004
3.987041,0.152529,elbow_flex,0,-0.4488,0.0,-0.4395,1967,50,1048,0,12.2,35,ramp,no_load,0.0
3.997943,0.163431,elbow_flex,0,-0.4488,0.0,-0.4395,1967,50,1060,0,12.2,35,ramp,no_load,0.0
4.008956,0.174444,elbow_flex,0,-0.6284,0.0,-0.6152,1965,-100,1064,1,12.2,35,ramp,no_load,-15.954
4.019087,0.184575,elbow_flex,0,-0.8079,0.0,-0.791,1963,-100,1084,2,12.2,35,ramp,no_load,-17.353
4.03003,0.195519,elbow_flex,0,-0.8977,0.0,-0.8789,1962,-150,1088,1,12.2,35,ramp,no_load,-8.033
4.041226,0.206715,elbow_flex,0,-0.8977,0.0,-0.8789,1962,-150,1084,1,12.2,35,ramp,no_load,0.0
4.051941,0.217429,elbow_flex,0,-0.8977,0.0,-0.8789,1962,0,1084,1,12.2,35,ramp,no_load,0.0
4.062967,0.228455,elbow_flex,0,-0.8977,0.0,-0.8789,1962,0,1076,1,12.2,35,ramp,no_load,0.0
4.074491,0.23998,elbow_flex,0,-0.8977,0.0,-0.8789,1962,0,1076,1,12.2,35,ramp,no_load,0.0
4.085619,2e-06,elbow_flex,2,-0.8079,1.9582,-0.791,1963,50,1072,0,12.2,35,ramp,no_load,7.899
4.095925,0.010308,elbow_flex,2,-0.7181,1.9582,-0.7031,1964,50,1064,1,12.2,35,ramp,no_load,8.529
4.10696,0.021343,elbow_flex,2,-0.6284,1.9582,-0.6152,1965,100,1080,1,12.2,35,ramp,no_load,7.966
4.117079,0.031463,elbow_flex,2,-0.6284,1.9582,-0.6152,1965,100,1152,4,12.2,35,ramp,no_load,0.0
4.127918,0.042301,elbow_flex,2,-0.6284,1.9582,-0.6152,1965,0,1172,5,12.2,35,ramp,no_load,0.0
4.138936,0.053319,elbow_flex,2,-0.3591,1.9582,-0.3516,1968,0,1180,4,12.2,44,ramp,no_load,23.924
4.15003,0.064413,elbow_flex,2,-0.0898,1.9582,-0.0879,1971,250,1168,1,12.2,35,ramp,no_load,23.77
4.16092,0.075303,elbow_flex,2,0.1795,1.9582,0.1758,1974,250,1096,1,12.2,35,ramp,no_load,24.215
4.171079,0.085462,elbow_flex,2,0.4488,1.9582,0.4395,1977,250,1084,1,12.2,35,ramp,no_load,25.957
4.182107,0.09649,elbow_flex,2,0.6284,1.9582,0.6152,1979,250,1072,0,12.2,35,ramp,no_load,15.932
4.192945,0.107328,elbow_flex,2,1.0772,1.9582,1.0547,1984,250,1048,0,12.2,35,ramp,no_load,40.552
4.204081,0.118464,elbow_flex,2,1.2567,1.9582,1.2305,1986,300,20,0,12.2,35,ramp,no_load,15.787
4.215034,0.129417,elbow_flex,2,1.4363,1.9582,1.4063,1988,300,1048,0,12.2,35,ramp,no_load,16.05
4.225104,0.139487,elbow_flex,2,1.4363,1.9582,1.4063,1988,100,1048,0,12.2,35,ramp,no_load,0.0
4.236101,0.150484,elbow_flex,2,1.4363,1.9582,1.4063,1988,100,1056,0,12.2,35,ramp,no_load,0.0
4.246275,0.160658,elbow_flex,2,1.4363,1.9582,1.4063,1988,0,1056,0,12.2,35,ramp,no_load,0.0
4.257134,0.171517,elbow_flex,2,1.3465,1.9582,1.3184,1987,0,1064,0,12.2,35,ramp,no_load,-8.095
4.267261,0.181644,elbow_flex,2,1.2567,1.9582,1.2305,1986,-100,1072,0,12.2,35,ramp,no_load,-8.68
4.278101,0.192484,elbow_flex,2,0.9874,1.9582,0.9668,1983,-100,1092,2,12.2,40,ramp,no_load,-24.327
4.288204,0.202587,elbow_flex,2,0.8977,1.9582,0.8789,1982,-200,1096,3,12.2,35,ramp,no_load,-8.7
4.299106,0.213489,elbow_flex,2,0.8977,1.9582,0.8789,1982,-200,1096,2,12.2,35,ramp,no_load,0.0
4.31032,0.224703,elbow_flex,2,0.8977,1.9582,0.8789,1982,0,1084,2,12.2,35,ramp,no_load,0.0
4.321211,0.235594,elbow_flex,2,0.8977,1.9582,0.8789,1982,0,1084,2,12.2,35,ramp,no_load,0.0
4.331476,0.245859,elbow_flex,2,0.9874,1.9582,0.9668,1983,0,1076,1,12.2,35,ramp,no_load,8.563
4.342677,1e-06,elbow_flex,4,1.0772,3.9164,1.0547,1984,100,1072,1,12.2,35,ramp,no_load,7.848
4.352916,0.01024,elbow_flex,4,1.167,3.9164,1.1426,1985,100,1072,0,12.2,35,ramp,no_load,8.585
4.363782,0.021106,elbow_flex,4,1.2567,3.9164,1.2305,1986,100,1088,1,12.2,35,ramp,no_load,8.089
4.37392,0.031244,elbow_flex,4,1.3465,3.9164,1.3184,1987,100,1152,5,12.2,49,ramp,no_load,8.67
4.384873,0.042197,elbow_flex,4,1.526,3.9164,1.4941,1989,100,1168,3,12.2,,ramp,no_load,16.041
4.395274,0.052598,elbow_flex,4,1.7056,3.9164,1.6699,1991,100,1168,3,12.2,35,ramp,no_load,16.902
4.405652,0.062976,elbow_flex,4,1.9749,3.9164,1.9336,1994,250,1156,3,12.2,35,ramp,no_load,25.41
4.416277,0.073601,elbow_flex,4,2.3339,3.9164,2.2852,1998,250,1092,0,12.2,35,ramp,no_load,33.092
4.427016,0.08434,elbow_flex,4,2.5135,3.9164,2.4609,2000,350,1080,1,12.2,35,ramp,no_load,16.361
4.437563,0.094887,elbow_flex,4,2.7828,3.9164,2.7246,2003,350,1068,0,12.2,35,ramp,no_load,25.002
4.448692,0.106016,elbow_flex,4,3.1418,3.9164,3.0762,2007,250,1052,0,12.2,35,ramp,no_load,31.593
4.459609,0.116932,elbow_flex,4,3.5009,3.9164,3.4277,2011,250,24,0,12.2,35,ramp,no_load,32.197
4.469712,0.127036,elbow_flex,4,3.5009,3.9164,3.4277,2011,300,1048,0,12.2,35,ramp,no_load,0.0
4.479826,0.13715,elbow_flex,4,3.5907,3.9164,3.5156,2012,300,1044,0,12.2,35,ramp,no_load,8.691
4.491264,0.148587,elbow_flex,4,3.5907,3.9164,3.5156,2012,50,1052,0,12.2,35,ramp,no_load,0.0
4.501966,0.15929,elbow_flex,4,3.5907,3.9164,3.5156,2012,0,1052,0,12.2,35,ramp,no_load,0.0
4.513055,0.170379,elbow_flex,4,3.5009,3.9164,3.4277,2011,0,1060,0,12.2,35,ramp,no_load,-7.927
4.523656,0.18098,elbow_flex,4,3.4111,3.9164,3.3398,2010,-100,1068,0,12.2,35,ramp,no_load,-8.292
4.53391,0.191234,elbow_flex,4,3.2316,3.9164,3.1641,2008,-100,1084,1,12.2,35,ramp,no_load,-17.135
4.544863,0.202187,elbow_flex,4,3.1418,3.9164,3.0762,2007,-150,1088,1,12.2,35,ramp,no_load,-8.025
4.555327,0.212651,elbow_flex,4,3.0521,3.9164,2.9883,2006,-150,1092,2,12.2,35,ramp,no_load,-8.4
4.566527,0.223851,elbow_flex,4,3.0521,3.9164,2.9883,2006,-50,1092,1,12.2,35,ramp,no_load,0.0
4.577517,0.234841,elbow_flex,4,3.0521,3.9164,2.9883,2006,-50,1080,2,12.2,35,ramp,no_load,0.0
4.588401,0.245724,elbow_flex,4,3.1418,3.9164,3.0762,2007,0,1072,0,12.2,35,ramp,no_load,8.076
4.599193,1e-06,elbow_flex,6,3.2316,5.8746,3.1641,2008,0,1068,0,12.2,35,ramp,no_load,8.145
4.609609,0.010417,elbow_flex,6,3.3214,5.8746,3.252,2009,100,1068,1,12.2,35,ramp,no_load,8.439
4.619907,0.020715,elbow_flex,6,3.4111,5.8746,3.3398,2010,100,1084,1,12.2,35,ramp,no_load,8.526
4.630891,0.031699,elbow_flex,6,3.5907,5.8746,3.5156,2012,100,1144,5,12.2,35,ramp,no_load,16.005
4.641007,0.041815,elbow_flex,6,3.6804,5.8746,3.6035,2013,150,1164,4,12.2,35,ramp,no_load,8.689
4.651583,0.052392,elbow_flex,6,3.86,5.8746,3.7793,2015,150,1152,2,12.2,35,ramp,no_load,16.623
4.661927,0.062735,elbow_flex,6,4.1293,5.8746,4.043,2018,250,1140,2,12.2,35,ramp,no_load,25.493
4.67293,0.073739,elbow_flex,6,4.3986,5.8746,4.3066,2021,250,1088,0,12.2,46,ramp,no_load,23.957
4.683933,0.084741,elbow_flex,6,4.6679,5.8746,4.5703,2024,250,1076,0,12.3,35,ramp,no_load,23.966
4.694929,0.095737,elbow_flex,6,4.9372,5.8746,4.834,2027,250,1060,0,12.2,35,ramp,no_load,23.981
4.705972,0.10678,elbow_flex,6,5.2962,5.8746,5.1855,2031,300,1048,0,12.2,36,ramp,no_load,31.83
4.71609,0.116898,elbow_flex,6,5.4758,5.8746,5.3613,2033,300,24,0,12.2,35,ramp,no_load,17.375
4.727044,0.127852,elbow_flex,6,5.6553,5.8746,5.5371,2035,250,32,0,12.2,35,ramp,no_load,16.049
4.738088,0.138896,elbow_flex,6,5.6553,5.8746,5.5371,2035,250,0,0,12.2,35,ramp,no_load,0.0
4.749053,0.149861,elbow_flex,6,5.6553,5.8746,5.5371,2035,50,1052,0,12.2,35,ramp,no_load,0.0
4.759954,0.160762,elbow_flex,6,5.6553,5.8746,5.5371,2035,0,1052,0,12.2,35,ramp,no_load,0.0
4.770915,0.171723,elbow_flex,6,5.6553,5.8746,5.5371,2035,0,1052,0,12.2,35,ramp,no_load,0.0
4.782077,0.182886,elbow_flex,6,5.5655,5.8746,5.4492,2034,-50,1056,0,12.2,35,ramp,no_load,-7.875
4.792657,0.193465,elbow_flex,6,5.386,5.8746,5.2734,2032,-50,1072,1,12.2,35,ramp,no_load,-16.616
4.802848,0.203656,elbow_flex,6,5.2962,5.8746,5.1855,2031,-150,1076,1,12.2,35,ramp,no_load,-8.625
4.813723,0.214531,elbow_flex,6,5.2065,5.8746,5.0977,2030,-150,1084,2,12.2,35,ramp,no_load,-8.074
4.824678,0.225487,elbow_flex,6,5.2065,5.8746,5.0977,2030,-50,1084,2,12.2,35,ramp,no_load,0.0
4.835844,0.236652,elbow_flex,6,5.2065,5.8746,5.0977,2030,-50,1072,0,12.2,35,ramp,no_load,0.0
4.846409,0.247217,elbow_flex,6,5.2065,5.8746,5.0977,2030,0,1072,1,12.2,35,ramp,no_load,0.0
4.857042,1e-06,elbow_flex,8,5.2065,7.8328,5.0977,2030,0,1072,1,12.2,35,ramp,no_load,0.0
4.867599,0.010558,elbow_flex,8,5.2962,7.8328,5.1855,2031,0,1072,0,12.2,35,ramp,no_load,8.317
4.878499,0.021459,elbow_flex,8,5.386,7.8328,5.2734,2032,0,1088,1,12.2,35,ramp,no_load,8.064
4.889445,0.032404,elbow_flex,8,5.4758,7.8328,5.3613,2033,100,1152,5,12.2,35,ramp,no_load,8.03
4.899603,0.042562,elbow_flex,8,5.6553,7.8328,5.5371,2035,150,1164,4,12.2,35,ramp,no_load,17.307
4.90995,0.052909,elbow_flex,8,5.8348,7.8328,5.7129,2037,150,1156,3,12.2,35,ramp,no_load,16.99
4.920633,0.063592,elbow_flex,8,6.1041,7.8328,5.9766,2040,250,1140,2,12.2,35,ramp,no_load,24.684
4.930902,0.073862,elbow_flex,8,6.3734,7.8328,6.2402,2043,250,1084,0,12.2,35,ramp,no_load,25.669
4.941707,0.084667,elbow_flex,8,6.6427,7.8328,6.5039,2046,300,1072,0,12.2,35,ramp,no_load,24.405
4.952652,0.095611,elbow_flex,8,6.912,7.8328,6.7676,2049,300,1056,0,12.2,35,ramp,no_load,24.093
4.963982,0.106941,elbow_flex,8,7.3609,7.8328,7.207,2054,300,20,0,12.2,35,ramp,no_load,38.782
4.974412,0.117371,elbow_flex,8,7.5404,7.8328,7.3828,2056,300,32,0,12.2,35,ramp,no_load,16.855
4.985014,0.127973,elbow_flex,8,7.6302,7.8328,7.4707,2057,250,32,0,12.2,35,ramp,no_load,8.291
4.995963,0.138922,elbow_flex,8,7.6302,7.8328,7.4707,2057,250,1044,0,12.2,35,ramp,no_load,0.0
5.006076,0.149036,elbow_flex,8,7.6302,7.8328,7.4707,2057,0,1052,0,12.2,35,ramp,no_load,0.0
5.016366,0.159325,elbow_flex,8,7.7199,7.8328,7.5586,2058,0,1048,0,12.2,35,ramp,no_load,8.542
5.026472,0.169432,elbow_flex,8,7.7199,7.8328,7.5586,2058,50,1044,0,12.2,35,ramp,no_load,0.0
5.03706,0.18002,elbow_flex,8,7.7199,7.8328,7.5586,2058,50,1044,0,12.2,35,ramp,no_load,0.0
5.047901,0.19086,elbow_flex,8,7.6302,7.8328,7.4707,2057,0,1056,0,12.2,35,ramp,no_load,-8.108
5.058893,0.201853,elbow_flex,8,7.5404,7.8328,7.3828,2056,-100,1060,0,12.2,35,ramp,no_load,-7.997
5.069519,0.212479,elbow_flex,8,7.4506,7.8328,7.2949,2055,-100,1068,0,12.2,35,ramp,no_load,-8.272
5.080401,0.22336,elbow_flex,8,7.3609,7.8328,7.207,2054,-100,1076,1,12.2,35,ramp,no_load,-8.078
5.09045,0.233409,elbow_flex,8,7.2711,7.8328,7.1191,2053,-100,1076,1,12.2,35,ramp,no_load,-8.747
5.101875,0.244834,elbow_flex,8,7.2711,7.8328,7.1191,2053,-50,1076,1,12.2,35,ramp,no_load,0.0
5.11248,1e-06,elbow_flex,10,7.2711,9.791,7.1191,2053,-50,1068,1,12.2,35,ramp,no_load,0.0
5.123398,0.010919,elbow_flex,10,7.2711,9.791,7.1191,2053,0,1072,1,12.2,35,ramp,no_load,0.0
5.134029,0.02155,elbow_flex,10,7.2711,9.791,7.1191,2053,0,1100,2,12.2,35,ramp,no_load,0.0
5.144482,0.032003,elbow_flex,10,7.3609,9.791,7.207,2054,0,1120,4,12.2,35,ramp,no_load,8.409
5.154577,0.042098,elbow_flex,10,7.5404,9.791,7.3828,2056,0,1172,4,12.2,35,ramp,no_load,17.415
5.165575,0.053096,elbow_flex,10,7.8097,9.791,7.6465,2059,200,1144,1,12.2,35,ramp,no_load,23.977
5.176579,0.0641,elbow_flex,10,8.1688,9.791,7.998,2063,200,1132,1,12.2,35,ramp,no_load,31.943
5.187592,0.075112,elbow_flex,10,8.4381,9.791,8.2617,2066,300,1072,0,12.2,35,ramp,no_load,23.944
5.19831,0.085831,elbow_flex,10,8.7074,9.791,8.5254,2069,300,1060,0,12.2,35,ramp,no_load,24.603
5.208705,0.096226,elbow_flex,10,9.1562,9.791,8.9648,2074,300,1048,0,12.2,35,ramp,no_load,42.27
5.219688,0.107209,elbow_flex,10,9.4255,9.791,9.2285,2077,400,20,0,12.2,34,ramp,no_load,24.01
5.23046,0.117981,elbow_flex,10,9.605,9.791,9.4043,2079,400,32,0,12.2,35,ramp,no_load,16.32
5.240764,0.128285,elbow_flex,10,9.605,9.791,9.4043,2079,100,32,0,12.2,35,ramp,no_load,0.0
5.251036,0.138556,elbow_flex,10,9.6948,9.791,9.4922,2080,100,1044,0,12.2,35,ramp,no_load,8.557
5.26152,0.149041,elbow_flex,10,9.6948,9.791,9.4922,2080,50,1044,0,12.2,35,ramp,no_load,0.0
5.272154,0.159675,elbow_flex,10,9.6948,9.791,9.4922,2080,50,1048,0,12.2,35,ramp,no_load,0.0
5.282331,0.169851,elbow_flex,10,9.6948,9.791,9.4922,2080,0,1048,0,12.2,35,ramp,no_load,0.0
5.293141,0.180662,elbow_flex,10,9.6948,9.791,9.4922,2080,0,1048,0,12.2,35,ramp,no_load,0.0
5.303514,0.191035,elbow_flex,10,9.6948,9.791,9.4922,2080,0,1048,0,12.3,35,ramp,no_load,0.0
5.314817,0.202337,elbow_flex,10,9.605,9.791,9.4043,2079,0,1052,0,12.2,35,ramp,no_load,-7.777
5.325794,0.213314,elbow_flex,10,9.5153,9.791,9.3164,2078,-100,1064,1,12.2,35,ramp,no_load,-8.008
5.336171,0.223692,elbow_flex,10,9.4255,9.791,9.2285,2077,-50,1068,0,12.2,35,ramp,no_load,-8.471
5.346526,0.234046,elbow_flex,10,9.3357,9.791,9.1406,2076,-50,1072,1,12.2,35,ramp,no_load,-8.489
5.357122,0.244642,elbow_flex,10,9.246,9.791,9.0527,2075,-100,1076,0,12.2,35,ramp,no_load,-8.296
5.368241,1e-06,elbow_flex,12,9.246,11.7492,9.0527,2075,-100,1072,0,12.2,35,ramp,no_load,0.0
5.378289,0.01005,elbow_flex,12,9.3357,11.7492,9.1406,2076,50,1072,0,12.2,35,ramp,no_load,8.748
5.388862,0.020622,elbow_flex,12,9.4255,11.7492,9.2285,2077,50,1088,2,12.2,35,ramp,no_load,8.314
5.399354,0.031115,elbow_flex,12,9.4255,11.7492,9.2285,2077,50,1116,3,12.2,35,ramp,no_load,0.0
5.409626,0.041387,elbow_flex,12,9.605,11.7492,9.4043,2079,50,1172,4,12.2,35,ramp,no_load,17.114
5.42076,0.05252,elbow_flex,12,9.8743,11.7492,9.668,2082,200,1172,3,12.2,35,ramp,no_load,23.684
5.431391,0.063152,elbow_flex,12,10.2334,11.7492,10.0195,2086,200,1120,0,12.2,35,ramp,no_load,33.064
5.442346,0.074107,elbow_flex,12,10.5925,11.7492,10.3711,2090,350,1104,0,12.2,35,ramp,no_load,32.095
5.452705,0.084465,elbow_flex,12,10.8618,11.7492,10.6348,2093,350,1064,0,12.2,35,ramp,no_load,25.456
5.463472,0.095232,elbow_flex,12,11.2208,11.7492,10.9863,2097,300,1044,0,12.2,35,ramp,no_load,32.646
5.474443,0.106203,elbow_flex,12,11.4901,11.7492,11.25,2100,300,28,0,12.2,35,ramp,no_load,24.036
5.485334,0.117094,elbow_flex,12,11.6697,11.7492,11.4258,2102,350,24,0,12.2,35,ramp,no_load,16.142
5.495664,0.127424,elbow_flex,12,11.6697,11.7492,11.4258,2102,50,24,0,12.2,35,ramp,no_load,0.0
5.506669,0.13843,elbow_flex,12,11.6697,11.7492,11.4258,2102,50,1052,0,12.2,35,ramp,no_load,0.0
5.517291,0.149051,elbow_flex,12,11.6697,11.7492,11.4258,2102,0,1052,0,12.2,35,ramp,no_load,0.0
5.528276,0.160037,elbow_flex,12,11.6697,11.7492,11.4258,2102,0,1052,0,12.2,35,ramp,no_load,0.0
5.53904,0.170801,elbow_flex,12,11.6697,11.7492,11.4258,2102,0,1052,0,12.2,35,ramp,no_load,0.0
5.549643,0.181404,elbow_flex,12,11.6697,11.7492,11.4258,2102,0,1052,0,12.2,35,ramp,no_load,0.0
5.560333,0.192093,elbow_flex,12,11.5799,11.7492,11.3379,2101,0,1056,1,12.2,35,ramp,no_load,-8.223
5.570972,0.202732,elbow_flex,12,11.4901,11.7492,11.25,2100,0,1064,1,12.2,35,ramp,no_load,-8.262
5.581305,0.213065,elbow_flex,12,11.4004,11.7492,11.1621,2099,-150,1068,1,12.2,35,ramp,no_load,-8.507
5.592183,0.223943,elbow_flex,12,11.3106,11.7492,11.0742,2098,-150,1076,1,12.2,35,ramp,no_load,-8.081
5.603269,0.235029,elbow_flex,12,11.3106,11.7492,11.0742,2098,-50,1072,0,12.2,35,ramp,no_load,0.0
5.613781,0.245541,elbow_flex,12,11.3106,11.7492,11.0742,2098,-50,1072,1,12.2,35,ramp,no_load,0.0
5.62502,1e-06,elbow_flex,14,11.3106,13.7074,11.0742,2098,0,1068,0,12.2,35,ramp,no_load,0.0
5.636296,0.011277,elbow_flex,14,11.3106,13.7074,11.0742,2098,0,1072,0,12.2,35,ramp,no_load,0.0
5.647468,0.022449,elbow_flex,14,11.4004,13.7074,11.1621,2099,0,1104,1,12.2,35,ramp,no_load,7.868
5.65754,0.032521,elbow_flex,14,11.5799,13.7074,11.3379,2101,100,1124,2,12.2,35,ramp,no_load,17.454
5.668636,0.043617,elbow_flex,14,11.7594,13.7074,11.5137,2103,100,1160,3,12.2,35,ramp,no_load,15.844
5.679548,0.054529,elbow_flex,14,12.0287,13.7074,11.7773,2106,250,1160,3,12.2,35,ramp,no_load,24.157
5.690656,0.065637,elbow_flex,14,12.3878,13.7074,12.1289,2110,250,1112,0,12.2,35,ramp,no_load,31.653
5.701608,0.076589,elbow_flex,14,12.6571,13.7074,12.3926,2113,300,1064,0,12.2,35,ramp,no_load,24.078
5.711726,0.086707,elbow_flex,14,13.0162,13.7074,12.7441,2117,300,1052,0,12.2,35,ramp,no_load,34.74
5.72281,0.097791,elbow_flex,14,13.3752,13.7074,13.0957,2121,350,24,1,12.2,35,ramp,no_load,31.721
5.733723,0.108704,elbow_flex,14,13.7343,13.7074,13.4473,2125,350,36,0,12.2,35,ramp,no_load,32.218
5.744869,0.11985,elbow_flex,14,13.8241,13.7074,13.5352,2126,350,32,0,12.2,35,ramp,no_load,7.886
5.755986,0.130967,elbow_flex,14,13.8241,13.7074,13.5352,2126,50,32,0,12.2,35,ramp,no_load,0.0
5.766612,0.141593,elbow_flex,14,13.8241,13.7074,13.5352,2126,50,1044,0,12.2,35,ramp,no_load,0.0
5.777671,0.152652,elbow_flex,14,13.8241,13.7074,13.5352,2126,0,1044,0,12.2,35,ramp,no_load,0.0
5.788292,0.163273,elbow_flex,14,13.8241,13.7074,13.5352,2126,0,1044,0,12.2,35,ramp,no_load,0.0
5.799363,0.174344,elbow_flex,14,13.8241,13.7074,13.5352,2126,0,1044,0,12.2,35,ramp,no_load,0.0
5.809849,0.18483,elbow_flex,14,13.8241,13.7074,13.5352,2126,0,1044,0,12.2,35,ramp,no_load,0.0
5.820897,0.195878,elbow_flex,14,13.7343,13.7074,13.4473,2125,0,1052,0,12.2,35,ramp,no_load,-7.956
5.831503,0.206484,elbow_flex,14,13.5548,13.7074,13.2715,2123,0,1060,1,12.2,35,ramp,no_load,-16.576
5.842553,0.217534,elbow_flex,14,13.5548,13.7074,13.2715,2123,-150,1068,1,12.2,35,ramp,no_load,0.0
5.852934,0.227915,elbow_flex,14,13.465,13.7074,13.1836,2122,-50,1068,1,12.2,35,ramp,no_load,-8.467
5.863057,0.238038,elbow_flex,14,13.465,13.7074,13.1836,2122,-50,1064,1,12.2,35,ramp,no_load,0.0
5.873695,0.248676,elbow_flex,14,13.465,13.7074,13.1836,2122,0,1064,1,12.2,35,ramp,no_load,0.0
5.884396,1e-06,elbow_flex,16,13.5548,15.6656,13.2715,2123,0,1056,0,12.2,35,ramp,no_load,8.214
5.895626,0.01123,elbow_flex,16,13.6445,15.6656,13.3594,2124,100,1056,0,12.2,34,ramp,no_load,7.827
5.905773,0.021378,elbow_flex,16,13.7343,15.6656,13.4473,2125,100,1072,1,12.2,35,ramp,no_load,8.663
5.916287,0.031891,elbow_flex,16,13.8241,15.6656,13.5352,2126,50,1096,3,12.2,35,ramp,no_load,8.36
5.927319,0.042924,elbow_flex,16,13.9138,15.6656,13.623,2127,50,1164,4,12.2,35,ramp,no_load,7.959
5.937951,0.053556,elbow_flex,16,14.0934,15.6656,13.7988,2129,150,1168,1,12.2,35,ramp,no_load,16.535
5.949045,0.06465,elbow_flex,16,14.1831,15.6656,13.8867,2130,150,1128,0,12.2,35,ramp,no_load,7.923
5.959662,0.075266,elbow_flex,16,14.3627,15.6656,14.0625,2132,150,1096,0,12.2,35,ramp,no_load,16.558
5.970714,0.086319,elbow_flex,16,14.5422,15.6656,14.2383,2134,150,1088,0,12.2,35,ramp,no_load,15.907
5.981343,0.096948,elbow_flex,16,14.8115,15.6656,14.502,2137,150,1068,0,12.3,35,ramp,no_load,24.809
5.992325,0.10793,elbow_flex,16,15.0808,15.6656,14.7656,2140,300,1056,0,12.2,35,ramp,no_load,24.003
6.002911,0.118515,elbow_flex,16,15.3501,15.6656,15.0293,2143,300,20,0,12.2,35,ramp,no_load,24.91
6.013087,0.128691,elbow_flex,16,15.7092,15.6656,15.3809,2147,350,32,0,12.2,35,ramp,no_load,34.552
6.023686,0.139291,elbow_flex,16,15.7989,15.6656,15.4688,2148,350,28,0,12.2,35,ramp,no_load,8.293
6.034111,0.149716,elbow_flex,16,15.7989,15.6656,15.4688,2148,50,28,0,12.2,35,ramp,no_load,0.0
6.044733,0.160337,elbow_flex,16,15.7989,15.6656,15.4688,2148,50,0,0,12.2,35,ramp,no_load,0.0
6.055795,0.1714,elbow_flex,16,15.7989,15.6656,15.4688,2148,0,0,0,12.2,35,ramp,no_load,0.0
6.066678,0.182282,elbow_flex,16,15.7989,15.6656,15.4688,2148,0,1044,0,12.2,35,ramp,no_load,0.0
6.076877,0.192482,elbow_flex,16,15.7989,15.6656,15.4688,2148,0,1044,0,12.2,35,ramp,no_load,0.0
6.087513,0.203118,elbow_flex,16,15.7989,15.6656,15.4688,2148,0,1044,0,12.2,35,ramp,no_load,0.0
6.098592,0.214197,elbow_flex,16,15.7092,15.6656,15.3809,2147,-50,1052,0,12.2,35,ramp,no_load,-7.934
6.109789,0.225394,elbow_flex,16,15.6194,15.6656,15.293,2146,-50,1056,1,12.2,35,ramp,no_load,-7.85
6.120974,0.236578,elbow_flex,16,15.5296,15.6656,15.2051,2145,-50,1064,1,12.2,35,ramp,no_load,-7.859
6.131885,0.24749,elbow_flex,16,15.5296,15.6656,15.2051,2145,-50,1064,1,12.2,35,ramp,no_load,0.0
6.143497,1e-06,elbow_flex,18,15.5296,17.6238,15.2051,2145,-50,1056,0,12.2,35,ramp,no_load,0.0
6.154131,0.010635,elbow_flex,18,15.6194,17.6238,15.293,2146,50,1056,1,12.2,35,ramp,no_load,8.266
6.165177,0.021681,elbow_flex,18,15.7092,17.6238,15.3809,2147,50,1076,1,12.2,35,ramp,no_load,7.958
6.176432,0.032936,elbow_flex,18,15.7989,17.6238,15.4688,2148,50,1104,1,12.2,35,ramp,no_load,7.81
6.187488,0.043993,elbow_flex,18,15.9785,17.6238,15.6445,2150,50,1164,4,12.2,40,ramp,no_load,15.892
6.19812,0.054625,elbow_flex,18,16.158,17.6238,15.8203,2152,150,1132,1,12.2,35,ramp,no_load,16.535
6.209187,0.065692,elbow_flex,18,16.3375,17.6238,15.9961,2154,150,1120,0,12.2,35,ramp,no_load,15.885
6.219777,0.076281,elbow_flex,18,16.6068,17.6238,16.2598,2157,250,1084,0,12.2,35,ramp,no_load,24.901
6.230432,0.086937,elbow_flex,18,16.7864,17.6238,16.4355,2159,250,1072,0,12.2,35,ramp,no_load,16.49
6.240517,0.097021,elbow_flex,18,17.1454,17.6238,16.7871,2163,250,1048,0,12.2,35,ramp,no_load,34.864
6.251011,0.107516,elbow_flex,18,17.5045,17.6238,17.1387,2167,350,24,0,12.2,35,ramp,no_load,33.505
6.261302,0.117807,elbow_flex,18,17.684,17.6238,17.3145,2169,350,36,1,12.2,35,ramp,no_load,17.083
6.271386,0.12789,elbow_flex,18,17.8636,17.6238,17.4902,2171,200,40,0,12.2,35,ramp,no_load,17.424
6.282005,0.138509,elbow_flex,18,17.8636,17.6238,17.4902,2171,200,20,0,12.2,35,ramp,no_load,0.0
6.293172,0.149677,elbow_flex,18,17.9533,17.6238,17.5781,2172,0,24,0,12.2,35,ramp,no_load,7.871
6.303664,0.160169,elbow_flex,18,17.9533,17.6238,17.5781,2172,0,20,0,12.2,35,ramp,no_load,0.0
6.314272,0.170776,elbow_flex,18,17.9533,17.6238,17.5781,2172,50,20,0,12.2,35,ramp,no_load,0.0
6.324355,0.180859,elbow_flex,18,17.8636,17.6238,17.4902,2171,50,1048,0,12.2,35,ramp,no_load,-8.718
6.334542,0.191047,elbow_flex,18,17.7738,17.6238,17.4023,2170,-100,1052,0,12.2,35,ramp,no_load,-8.629
6.345166,0.20167,elbow_flex,18,17.7738,17.6238,17.4023,2170,-100,1052,0,12.2,35,ramp,no_load,0.0
6.355749,0.212253,elbow_flex,18,17.7738,17.6238,17.4023,2170,0,1052,0,12.2,35,ramp,no_load,0.0
6.366372,0.222877,elbow_flex,18,17.684,17.6238,17.3145,2169,0,1052,0,12.2,35,ramp,no_load,-8.265
6.376873,0.233378,elbow_flex,18,17.684,17.6238,17.3145,2169,-50,1056,0,12.2,35,ramp,no_load,0.0
6.386981,0.243486,elbow_flex,18,17.684,17.6238,17.3145,2169,-50,1056,1,12.2,35,ramp,no_load,0.0
6.398106,1e-06,elbow_flex,20,17.7738,19.582,17.4023,2170,0,1044,0,12.2,35,ramp,no_load,7.892
6.409188,0.011083,elbow_flex,20,17.8636,19.582,17.4902,2171,100,1044,0,12.2,35,ramp,no_load,7.932
6.41977,0.021665,elbow_flex,20,17.9533,19.582,17.5781,2172,100,1076,0,12.2,35,ramp,no_load,8.307
6.429875,0.03177,elbow_flex,20,18.0431,19.582,17.666,2173,100,1096,2,12.2,35,ramp,no_load,8.699
6.440441,0.042337,elbow_flex,20,18.2226,19.582,17.8418,2175,100,1144,4,12.2,35,ramp,no_load,16.638
6.451007,0.052902,elbow_flex,20,18.3124,19.582,17.9297,2176,150,1148,2,12.2,35,ramp,no_load,8.319
6.461613,0.063509,elbow_flex,20,18.5817,19.582,18.1934,2179,150,1104,0,12.2,35,ramp,no_load,24.863
6.47171,0.073605,elbow_flex,20,18.851,19.582,18.457,2182,250,1092,0,12.2,35,ramp,no_load,26.107
6.482305,0.084201,elbow_flex,20,19.1203,19.582,18.7207,2185,250,1056,0,12.2,35,ramp,no_load,24.889
6.493397,0.095293,elbow_flex,20,19.3896,19.582,18.9844,2188,300,1044,0,12.2,35,ramp,no_load,23.774
6.503794,0.10569,elbow_flex,20,19.6589,19.582,19.248,2191,300,28,0,12.2,35,ramp,no_load,25.353
6.513929,0.115824,elbow_flex,20,19.6589,19.582,19.248,2191,200,32,0,12.2,35,ramp,no_load,0.0
6.524066,0.125961,elbow_flex,20,19.7487,19.582,19.3359,2192,200,20,0,12.2,35,ramp,no_load,8.671
6.534321,0.136216,elbow_flex,20,19.7487,19.582,19.3359,2192,50,20,0,12.2,35,ramp,no_load,0.0
6.544907,0.146802,elbow_flex,20,19.7487,19.582,19.3359,2192,50,1048,0,12.2,35,ramp,no_load,0.0
6.554979,0.156874,elbow_flex,20,19.7487,19.582,19.3359,2192,0,1048,0,12.2,35,ramp,no_load,0.0
6.565559,0.167455,elbow_flex,20,19.7487,19.582,19.3359,2192,0,1048,0,12.2,35,ramp,no_load,0.0
6.575986,0.177882,elbow_flex,20,19.7487,19.582,19.3359,2192,0,1048,0,12.2,35,ramp,no_load,0.0
6.586613,0.188509,elbow_flex,20,19.7487,19.582,19.3359,2192,0,1048,0,12.2,35,ramp,no_load,0.0
6.596737,0.198632,elbow_flex,20,19.7487,19.582,19.3359,2192,0,1048,0,12.2,35,ramp,no_load,0.0
6.607326,0.209221,elbow_flex,20,19.7487,19.582,19.3359,2192,0,1048,0,12.2,35,ramp,no_load,0.0
6.617552,0.219447,elbow_flex,20,19.7487,19.582,19.3359,2192,0,1048,0,12.2,35,ramp,no_load,0.0
6.628018,0.229914,elbow_flex,20,19.7487,19.582,19.3359,2192,0,1048,0,12.2,35,ramp,no_load,0.0
6.638108,0.240004,elbow_flex,20,19.8384,19.582,19.4238,2193,0,0,0,12.2,35,ramp,no_load,8.712
6.649201,1e-06,elbow_flex,22,19.8384,21.5402,19.4238,2193,50,0,0,12.2,35,ramp,no_load,0.0
6.659955,0.010756,elbow_flex,22,19.8384,21.5402,19.4238,2193,50,1048,0,12.2,35,ramp,no_load,0.0
6.670976,0.021777,elbow_flex,22,19.9282,21.5402,19.5117,2194,0,1064,1,12.2,35,ramp,no_load,7.976
6.681916,0.032716,elbow_flex,22,19.9282,21.5402,19.5117,2194,0,1128,4,12.2,35,ramp,no_load,0.0
6.692973,0.043774,elbow_flex,22,19.9282,21.5402,19.5117,2194,50,1152,3,12.2,35,ramp,no_load,0.0
6.70397,0.05477,elbow_flex,22,20.1077,21.5402,19.6875,2196,50,1160,3,12.2,35,ramp,no_load,15.986
6.714595,0.065396,elbow_flex,22,20.1975,21.5402,19.7754,2197,100,1116,0,12.2,35,ramp,no_load,8.273
6.725594,0.076395,elbow_flex,22,20.377,21.5402,19.9512,2199,100,1108,0,12.2,35,ramp,no_load,15.983
6.736172,0.086973,elbow_flex,22,20.6463,21.5402,20.2148,2202,200,1072,0,12.2,35,ramp,no_load,24.92
6.746795,0.097595,elbow_flex,22,21.0054,21.5402,20.5664,2206,350,1056,0,12.2,35,ramp,no_load,33.098
6.757112,0.107913,elbow_flex,22,21.4542,21.5402,21.0059,2211,350,28,1,12.2,35,ramp,no_load,42.6
6.767728,0.118529,elbow_flex,22,21.6338,21.5402,21.1816,2213,300,36,1,12.2,35,ramp,no_load,16.55
6.778203,0.129004,elbow_flex,22,21.7235,21.5402,21.2695,2214,300,24,0,12.2,35,ramp,no_load,8.391
6.789348,0.140148,elbow_flex,22,21.7235,21.5402,21.2695,2214,50,24,0,12.2,34,ramp,no_load,0.0
6.800323,0.151123,elbow_flex,22,21.8133,21.5402,21.3574,2215,50,0,0,12.2,35,ramp,no_load,8.009
6.810944,0.161745,elbow_flex,22,21.8133,21.5402,21.3574,2215,50,0,0,12.2,35,ramp,no_load,0.0
6.822032,0.172833,elbow_flex,22,21.8133,21.5402,21.3574,2215,50,1044,0,12.2,35,ramp,no_load,0.0
6.83255,0.183351,elbow_flex,22,21.8133,21.5402,21.3574,2215,0,1044,0,12.2,35,ramp,no_load,0.0
6.84286,0.193661,elbow_flex,22,21.8133,21.5402,21.3574,2215,0,1044,0,12.2,35,ramp,no_load,0.0
6.853464,0.204265,elbow_flex,22,21.7235,21.5402,21.2695,2214,0,1052,0,12.2,35,ramp,no_load,-8.289
6.863639,0.214439,elbow_flex,22,21.7235,21.5402,21.2695,2214,0,1052,0,12.2,35,ramp,no_load,0.0
6.873949,0.22475,elbow_flex,22,21.7235,21.5402,21.2695,2214,-50,1048,0,12.2,35,ramp,no_load,0.0
6.884102,0.234902,elbow_flex,22,21.7235,21.5402,21.2695,2214,-50,1048,0,12.2,35,ramp,no_load,0.0
6.894708,0.245509,elbow_flex,22,21.7235,21.5402,21.2695,2214,0,1048,0,12.2,35,ramp,no_load,0.0
6.905405,1e-06,elbow_flex,24,21.7235,23.4984,21.2695,2214,0,1048,0,12.2,35,ramp,no_load,0.0
6.915986,0.010582,elbow_flex,24,21.7235,23.4984,21.2695,2214,0,1056,0,12.2,35,ramp,no_load,0.0
6.926123,0.020719,elbow_flex,24,21.8133,23.4984,21.3574,2215,50,1072,1,12.2,35,ramp,no_load,8.671
6.9367,0.031296,elbow_flex,24,21.8133,23.4984,21.3574,2215,50,1132,2,12.2,35,ramp,no_load,0.0
6.946902,0.041498,elbow_flex,24,21.9031,23.4984,21.4453,2216,50,1152,3,12.2,35,ramp,no_load,8.616
6.957294,0.05189,elbow_flex,24,22.0826,23.4984,21.6211,2218,50,1152,2,12.2,89,ramp,no_load,16.917
6.967511,0.062107,elbow_flex,24,22.1724,23.4984,21.709,2219,150,1144,1,12.2,59,ramp,no_load,8.603
6.978145,0.072741,elbow_flex,24,22.4417,23.4984,21.9727,2222,150,1092,0,12.2,35,ramp,no_load,24.798
6.988301,0.082897,elbow_flex,24,22.711,23.4984,22.2363,2225,250,1080,0,12.2,35,ramp,no_load,25.955
6.998927,0.093523,elbow_flex,24,23.07,23.4984,22.5879,2229,250,1056,0,12.2,35,ramp,no_load,33.089
7.008989,0.103585,elbow_flex,24,23.3393,23.4984,22.8516,2232,350,1044,0,12.2,35,ramp,no_load,26.208
7.019517,0.114113,elbow_flex,24,23.5189,23.4984,23.0273,2234,350,28,0,12.2,35,ramp,no_load,16.689
7.030048,0.124644,elbow_flex,24,23.6086,23.4984,23.1152,2235,200,32,0,12.2,35,ramp,no_load,8.347
7.040657,0.135253,elbow_flex,24,23.6086,23.4984,23.1152,2235,200,1044,0,12.2,35,ramp,no_load,0.0
7.051257,0.145853,elbow_flex,24,23.6984,23.4984,23.2031,2236,50,0,0,12.2,35,ramp,no_load,8.292
7.061891,0.156487,elbow_flex,24,23.6984,23.4984,23.2031,2236,50,1044,0,12.2,35,ramp,no_load,0.0
7.071988,0.166584,elbow_flex,24,23.6984,23.4984,23.2031,2236,0,1044,0,12.2,35,ramp,no_load,0.0
7.082561,0.177157,elbow_flex,24,23.6086,23.4984,23.1152,2235,0,1052,0,12.2,35,ramp,no_load,-8.314
7.092636,0.187232,elbow_flex,24,23.6086,23.4984,23.1152,2235,-50,1056,0,12.2,35,ramp,no_load,0.0
7.103228,0.197824,elbow_flex,24,23.6086,23.4984,23.1152,2235,-50,1056,0,12.2,35,ramp,no_load,0.0
7.11425,0.208846,elbow_flex,24,23.6086,23.4984,23.1152,2235,0,1052,0,12.2,35,ramp,no_load,0.0
7.124345,0.218941,elbow_flex,24,23.6086,23.4984,23.1152,2235,0,1052,0,12.2,35,ramp,no_load,0.0
7.134823,0.229419,elbow_flex,24,23.6984,23.4984,23.2031,2236,0,1044,0,12.2,35,ramp,no_load,8.389
7.145382,0.239978,elbow_flex,24,23.7882,23.4984,23.291,2237,100,0,0,12.2,35,ramp,no_load,8.325
7.157157,2e-06,elbow_flex,26,23.8779,25.4566,23.3789,2238,100,24,0,12.2,35,ramp,no_load,7.465
7.16779,0.010634,elbow_flex,26,23.9677,25.4566,23.4668,2239,100,24,0,12.2,35,ramp,no_load,8.267
7.177872,0.020717,elbow_flex,26,23.9677,25.4566,23.4668,2239,100,1068,1,12.2,35,ramp,no_load,0.0
7.188452,0.031297,elbow_flex,26,23.9677,25.4566,23.4668,2239,0,1100,2,12.2,35,ramp,no_load,0.0
7.199535,0.04238,elbow_flex,26,23.9677,25.4566,23.4668,2239,0,1168,4,12.2,35,ramp,no_load,0.0
7.21003,0.052875,elbow_flex,26,24.1472,25.4566,23.6426,2241,50,1168,0,12.2,35,ramp,no_load,16.751
7.221109,0.063953,elbow_flex,26,24.4165,25.4566,23.9063,2244,50,1124,0,12.2,35,ramp,no_load,23.802
7.232025,0.07487,elbow_flex,26,24.6858,25.4566,24.1699,2247,250,1076,0,12.2,35,ramp,no_load,24.148
7.243073,0.085918,elbow_flex,26,24.9551,25.4566,24.4336,2250,250,1064,0,12.2,35,ramp,no_load,23.869
7.253695,0.096539,elbow_flex,26,25.3142,25.4566,24.7852,2254,250,0,0,12.2,35,ramp,no_load,33.101
7.263865,0.10671,elbow_flex,26,25.5835,25.4566,25.0488,2257,350,28,0,12.2,35,ramp,no_load,25.919
7.274886,0.117731,elbow_flex,26,25.6732,25.4566,25.1367,2258,350,20,0,12.2,35,ramp,no_load,7.976
7.285208,0.128052,elbow_flex,26,25.763,25.4566,25.2246,2259,50,24,0,12.2,35,ramp,no_load,8.516
7.295832,0.138677,elbow_flex,26,25.763,25.4566,25.2246,2259,50,1044,0,12.2,35,ramp,no_load,0.0
7.306217,0.149062,elbow_flex,26,25.763,25.4566,25.2246,2259,50,1044,0,12.2,35,ramp,no_load,0.0
7.316797,0.159642,elbow_flex,26,25.763,25.4566,25.2246,2259,50,1048,0,12.2,35,ramp,no_load,0.0
7.327782,0.170626,elbow_flex,26,25.763,25.4566,25.2246,2259,0,1048,0,12.2,35,ramp,no_load,0.0
7.338741,0.181586,elbow_flex,26,25.763,25.4566,25.2246,2259,0,1048,0,12.2,35,ramp,no_load,0.0
7.349861,0.192706,elbow_flex,26,25.8528,25.4566,25.3125,2260,0,1044,0,12.2,35,ramp,no_load,7.905
7.360449,0.203293,elbow_flex,26,25.8528,25.4566,25.3125,2260,0,0,0,12.2,35,ramp,no_load,0.0
7.370563,0.213408,elbow_flex,26,25.8528,25.4566,25.3125,2260,50,1044,0,12.2,35,ramp,no_load,0.0
7.381168,0.224013,elbow_flex,26,25.8528,25.4566,25.3125,2260,50,1044,0,12.2,35,ramp,no_load,0.0
7.392329,0.235174,elbow_flex,26,25.9425,25.4566,25.4004,2261,0,20,0,12.2,35,ramp,no_load,7.876
7.402904,0.245749,elbow_flex,26,25.9425,25.4566,25.4004,2261,50,20,0,12.2,35,ramp,no_load,0.0
7.413635,1e-06,elbow_flex,28,25.9425,27.4148,25.4004,2261,50,0,0,12.2,35,ramp,no_load,0.0
7.423813,0.010179,elbow_flex,28,25.9425,27.4148,25.4004,2261,0,1044,0,12.2,35,ramp,no_load,0.0
7.434469,0.020835,elbow_flex,28,25.9425,27.4148,25.4004,2261,0,1080,1,12.2,35,ramp,no_load,0.0
7.445489,0.031855,elbow_flex,28,26.0323,27.4148,25.4883,2262,50,1104,2,12.2,35,ramp,no_load,7.976
7.455597,0.041963,elbow_flex,28,26.1221,27.4148,25.5762,2263,50,1152,4,12.2,37,ramp,no_load,8.696
7.466185,0.05255,elbow_flex,28,26.3016,27.4148,25.752,2265,100,1156,2,12.2,35,ramp,no_load,16.604
7.477298,0.063664,elbow_flex,28,26.4811,27.4148,25.9277,2267,100,1112,0,12.2,62,ramp,no_load,15.81
7.487928,0.074294,elbow_flex,28,26.8402,27.4148,26.2793,2271,250,1096,0,12.2,43,ramp,no_load,33.076
7.498075,0.08444,elbow_flex,28,27.1095,27.4148,26.543,2274,250,1048,0,12.2,35,ramp,no_load,25.988
7.509148,0.095514,elbow_flex,28,27.4686,27.4148,26.8945,2278,350,20,0,12.2,35,ramp,no_load,31.744
7.519271,0.105636,elbow_flex,28,27.6481,27.4148,27.0703,2280,350,28,0,12.2,35,ramp,no_load,17.366
7.529907,0.116273,elbow_flex,28,27.7379,27.4148,27.1582,2281,200,20,0,12.2,35,ramp,no_load,8.264
7.540011,0.126377,elbow_flex,28,27.7379,27.4148,27.1582,2281,200,20,0,12.2,35,ramp,no_load,0.0
7.550592,0.136957,elbow_flex,28,27.7379,27.4148,27.1582,2281,50,1048,0,12.2,35,ramp,no_load,0.0
7.561173,0.147539,elbow_flex,28,27.7379,27.4148,27.1582,2281,50,1048,0,12.2,35,ramp,no_load,0.0
7.571806,0.158172,elbow_flex,28,27.7379,27.4148,27.1582,2281,0,1048,0,12.2,35,ramp,no_load,0.0
7.58284,0.169206,elbow_flex,28,27.6481,27.4148,27.0703,2280,-50,1052,0,12.2,35,ramp,no_load,-7.966
7.59339,0.179756,elbow_flex,28,27.6481,27.4148,27.0703,2280,-50,1056,0,12.2,35,ramp,no_load,0.0
7.60351,0.189875,elbow_flex,28,27.6481,27.4148,27.0703,2280,0,1056,0,12.2,35,ramp,no_load,0.0
7.614088,0.200454,elbow_flex,28,27.6481,27.4148,27.0703,2280,0,1052,0,12.2,35,ramp,no_load,0.0
7.624149,0.210515,elbow_flex,28,27.6481,27.4148,27.0703,2280,0,1052,0,12.2,35,ramp,no_load,0.0
7.634843,0.221209,elbow_flex,28,27.6481,27.4148,27.0703,2280,0,1052,0,12.3,35,ramp,no_load,0.0
7.645431,0.231797,elbow_flex,28,27.6481,27.4148,27.0703,2280,0,1052,0,12.2,35,ramp,no_load,0.0
7.655547,0.241913,elbow_flex,28,27.6481,27.4148,27.0703,2280,0,1052,0,12.2,35,ramp,no_load,0.0
7.667058,1e-06,elbow_flex,30,27.6481,29.373,27.0703,2280,0,1052,0,12.2,35,ramp,no_load,0.0
7.677532,0.010475,elbow_flex,30,27.7379,29.373,27.1582,2281,0,1052,0,12.2,35,ramp,no_load,8.392
7.688572,0.021515,elbow_flex,30,27.7379,29.373,27.1582,2281,50,1092,2,12.2,35,ramp,no_load,0.0
7.69958,0.032523,elbow_flex,30,27.8276,29.373,27.2461,2282,50,1116,2,12.2,35,ramp,no_load,7.985
7.71058,0.043523,elbow_flex,30,28.0072,29.373,27.4219,2284,100,1148,3,12.2,35,ramp,no_load,15.982
7.721612,0.054555,elbow_flex,30,28.1867,29.373,27.5977,2286,150,1148,1,12.2,35,ramp,no_load,15.935
7.732192,0.065135,elbow_flex,30,28.456,29.373,27.8613,2289,150,1096,0,12.2,35,ramp,no_load,24.915
7.742815,0.075758,elbow_flex,30,28.8151,29.373,28.2129,2293,350,1080,0,12.2,35,ramp,no_load,33.098
7.753451,0.086394,elbow_flex,30,29.1741,29.373,28.5645,2297,350,0,0,12.2,35,ramp,no_load,33.058
7.764061,0.097004,elbow_flex,30,29.4434,29.373,28.8281,2300,350,24,0,12.2,35,ramp,no_load,24.844
7.774609,0.107552,elbow_flex,30,29.623,29.373,29.0039,2302,350,24,0,12.2,35,ramp,no_load,16.667
7.785596,0.118539,elbow_flex,30,29.623,29.373,29.0039,2302,100,24,0,12.2,35,ramp,no_load,0.0
7.796237,0.12918,elbow_flex,30,29.623,29.373,29.0039,2302,100,1048,0,12.2,35,ramp,no_load,0.0
7.807085,0.140028,elbow_flex,30,29.623,29.373,29.0039,2302,0,1052,0,12.2,35,ramp,no_load,0.0
7.817693,0.150636,elbow_flex,30,29.7127,29.373,29.0918,2303,0,1048,0,12.2,35,ramp,no_load,8.286
7.827808,0.160751,elbow_flex,30,29.7127,29.373,29.0918,2303,50,1044,0,12.2,35,ramp,no_load,0.0
7.838103,0.171046,elbow_flex,30,29.7127,29.373,29.0918,2303,50,1044,0,12.2,35,ramp,no_load,0.0
7.848594,0.181537,elbow_flex,30,29.7127,29.373,29.0918,2303,0,1048,0,12.2,35,ramp,no_load,0.0
7.859253,0.192196,elbow_flex,30,29.7127,29.373,29.0918,2303,0,1048,0,12.2,34,ramp,no_load,0.0
7.869616,0.202559,elbow_flex,30,29.7127,29.373,29.0918,2303,0,1048,0,12.2,35,ramp,no_load,0.0
7.880277,0.21322,elbow_flex,30,29.8025,29.373,29.1797,2304,50,1044,0,12.2,35,ramp,no_load,8.245
7.890391,0.223334,elbow_flex,30,29.8025,29.373,29.1797,2304,50,0,0,12.2,35,ramp,no_load,0.0
7.900912,0.233855,elbow_flex,30,29.8025,29.373,29.1797,2304,0,0,0,12.2,35,ramp,no_load,0.0
7.911534,0.244477,elbow_flex,30,29.8025,29.373,29.1797,2304,0,1044,0,12.2,35,ramp,no_load,0.0
7.923499,2e-06,elbow_flex,30,29.8025,29.373,29.1797,2304,0,1044,0,12.2,35,ramp,no_load,0.0
7.933773,0.010276,elbow_flex,30,29.8025,29.373,29.1797,2304,0,1044,0,12.2,35,ramp,no_load,0.0
7.943883,0.020386,elbow_flex,30,29.8025,29.373,29.1797,2304,0,1044,0,12.2,35,ramp,no_load,0.0
7.954465,0.030968,elbow_flex,30,29.8025,29.373,29.1797,2304,0,1044,0,12.2,35,ramp,no_load,0.0
7.964618,0.041121,elbow_flex,30,29.8025,29.373,29.1797,2304,0,1044,0,12.2,35,ramp,no_load,0.0
7.975986,0.052489,elbow_flex,30,29.8025,29.373,29.1797,2304,0,1044,0,12.2,35,ramp,no_load,0.0
7.986828,0.063331,elbow_flex,30,29.8025,29.373,29.1797,2304,0,1044,0,12.2,34,ramp,no_load,0.0
7.997463,0.073966,elbow_flex,30,29.8025,29.373,29.1797,2304,0,1044,0,12.2,35,ramp,no_load,0.0
8.008475,0.084978,elbow_flex,30,29.8025,29.373,29.1797,2304,0,1044,0,12.2,35,ramp,no_load,0.0
8.018901,0.095404,elbow_flex,30,29.8025,29.373,29.1797,2304,0,1044,0,12.2,35,ramp,no_load,0.0
8.02972,0.106223,elbow_flex,30,29.8025,29.373,29.1797,2304,0,1044,0,12.2,35,ramp,no_load,0.0
8.04023,0.116733,elbow_flex,30,29.8025,29.373,29.1797,2304,0,1044,0,12.2,35,ramp,no_load,0.0
8.051245,1e-06,elbow_flex,26,29.8025,25.4566,29.1797,2304,0,1044,0,12.2,35,ramp,no_load,0.0
8.06182,0.010576,elbow_flex,26,29.8025,25.4566,29.1797,2304,0,0,0,12.2,35,ramp,no_load,0.0
8.07283,0.021586,elbow_flex,26,29.8025,25.4566,29.1797,2304,0,40,1,12.2,35,ramp,no_load,0.0
8.083673,0.032428,elbow_flex,26,29.8025,25.4566,29.1797,2304,0,76,2,12.2,35,ramp,no_load,0.0
8.094296,0.043052,elbow_flex,26,29.8025,25.4566,29.1797,2304,0,160,10,12.0,35,ramp,no_load,0.0
8.104442,0.053198,elbow_flex,26,29.7127,25.4566,29.0918,2303,0,192,13,12.2,35,ramp,no_load,-8.664
8.115027,0.063782,elbow_flex,26,29.5332,25.4566,28.916,2301,0,224,11,12.2,35,ramp,no_load,-16.608
8.126157,0.074913,elbow_flex,26,29.0844,25.4566,28.4766,2296,-250,152,2,12.2,35,ramp,no_load,-39.479
8.136766,0.085522,elbow_flex,26,28.7253,25.4566,28.125,2292,-250,136,2,12.2,35,ramp,no_load,-33.142
8.147342,0.096097,elbow_flex,26,28.3662,25.4566,27.7734,2288,-400,84,0,12.2,36,ramp,no_load,-33.245
8.157973,0.106729,elbow_flex,26,28.0072,25.4566,27.4219,2284,-350,68,0,12.2,35,ramp,no_load,-33.064
8.168248,0.117004,elbow_flex,26,27.8276,25.4566,27.2461,2282,-350,72,1,12.2,35,ramp,no_load,-17.109
8.179803,1e-06,elbow_flex,22,27.6481,21.5402,27.0703,2280,-200,64,1,12.2,35,ramp,no_load,-15.214
8.190443,0.010641,elbow_flex,22,27.4686,21.5402,26.8945,2278,-200,68,0,12.2,35,ramp,no_load,-16.523
8.20139,0.021588,elbow_flex,22,27.289,21.5402,26.7188,2276,-150,84,2,12.2,35,ramp,no_load,-16.05
8.211995,0.032193,elbow_flex,22,27.1993,21.5402,26.6309,2275,-150,144,6,12.2,35,ramp,no_load,-8.289
8.223131,0.04333,elbow_flex,22,27.1095,21.5402,26.543,2274,-100,184,11,12.2,35,ramp,no_load,-7.893
8.234046,0.054244,elbow_flex,22,26.8402,21.5402,26.2793,2271,-100,256,13,12.1,35,ramp,no_load,-24.159
8.244209,0.064408,elbow_flex,22,26.3914,21.5402,25.8398,2266,-300,260,9,12.1,35,ramp,no_load,-43.245
8.254832,0.07503,elbow_flex,22,25.9425,21.5402,25.4004,2261,-300,220,7,12.2,35,ramp,no_load,-41.363
8.264984,0.085182,elbow_flex,22,25.5835,21.5402,25.0488,2257,-450,136,1,12.2,35,ramp,no_load,-34.634
8.275823,0.096021,elbow_flex,22,25.0449,21.5402,24.5215,2251,-450,116,1,12.2,35,ramp,no_load,-48.648
8.285911,0.106109,elbow_flex,22,24.5961,21.5402,24.082,2246,-500,92,0,12.2,35,ramp,no_load,-43.567
8.296497,0.116695,elbow_flex,22,24.237,21.5402,23.7305,2242,-400,76,0,12.2,35,ramp,no_load,-33.204
8.307871,1e-06,elbow_flex,18,23.9677,17.6238,23.4668,2239,-400,72,0,12.2,35,ramp,no_load,-23.184
8.318495,0.010625,elbow_flex,18,23.6086,17.6238,23.1152,2235,-350,60,0,12.2,35,ramp,no_load,-33.095
8.329566,0.021696,elbow_flex,18,23.3393,17.6238,22.8516,2232,-350,88,2,12.2,35,ramp,no_load,-23.81
8.339672,0.031803,elbow_flex,18,23.1598,17.6238,22.6758,2230,-200,112,3,12.2,35,ramp,no_load,-17.396
8.350195,0.042325,elbow_flex,18,23.07,17.6238,22.5879,2229,-200,200,9,12.2,35,ramp,no_load,-8.353
8.360828,0.052959,elbow_flex,18,22.9803,17.6238,22.5,2228,-150,232,9,12.2,35,ramp,no_load,-8.267
8.370932,0.063062,elbow_flex,18,22.6212,17.6238,22.1484,2224,-150,256,11,12.2,35,ramp,no_load,-34.798
8.381538,0.073669,elbow_flex,18,22.1724,17.6238,21.709,2219,-350,248,8,12.2,35,ramp,no_load,-41.429
8.392462,0.084593,elbow_flex,18,21.6338,17.6238,21.1816,2213,-350,168,3,12.2,35,ramp,no_load,-48.279
8.403039,0.09517,elbow_flex,18,21.2747,17.6238,20.8301,2209,-450,152,1,12.2,35,ramp,no_load,-33.232
8.413176,0.105307,elbow_flex,18,20.8259,17.6238,20.3906,2204,-450,100,1,12.2,35,ramp,no_load,-43.356
8.423582,0.115713,elbow_flex,18,20.4668,17.6238,20.0391,2200,-450,80,0,12.2,35,ramp,no_load,-33.779
8.434709,1e-06,elbow_flex,14,20.1077,13.7074,19.6875,2196,-450,64,0,12.2,35,ramp,no_load,-31.599
8.445353,0.010646,elbow_flex,14,19.7487,13.7074,19.3359,2192,-400,76,1,12.2,35,ramp,no_load,-33.033
8.455468,0.02076,elbow_flex,14,19.2998,13.7074,18.8965,2187,-450,72,0,12.2,35,ramp,no_load,-43.44
8.466045,0.031337,elbow_flex,14,18.9408,13.7074,18.5449,2183,-450,112,3,12.2,35,ramp,no_load,-33.242
8.47665,0.041943,elbow_flex,14,18.5817,13.7074,18.1934,2179,-300,136,3,12.2,35,ramp,no_load,-33.145
8.487129,0.052421,elbow_flex,14,18.4022,13.7074,18.0176,2177,-300,220,13,12.2,35,ramp,no_load,-16.776
8.497759,0.063052,elbow_flex,14,18.3124,13.7074,17.9297,2176,-200,244,8,12.2,35,ramp,no_load,-8.269
8.508794,0.074086,elbow_flex,14,18.0431,13.7074,17.666,2173,-200,228,5,12.2,35,ramp,no_load,-23.897
8.519377,0.084669,elbow_flex,14,17.5045,13.7074,17.1387,2167,-350,208,4,12.2,35,ramp,no_load,-49.825
8.529454,0.094747,elbow_flex,14,16.9659,13.7074,16.6113,2161,-350,112,0,12.2,35,ramp,no_load,-52.337
8.540021,0.105314,elbow_flex,14,16.5171,13.7074,16.1719,2156,-550,92,1,12.2,35,ramp,no_load,-41.582
8.550223,0.115516,elbow_flex,14,16.158,13.7074,15.8203,2152,-550,68,0,12.2,35,ramp,no_load,-34.464
8.561325,1e-06,elbow_flex,10,15.8887,9.791,15.5566,2149,-350,56,1,12.2,34,ramp,no_load,-23.752
8.571886,0.010562,elbow_flex,10,15.7092,9.791,15.3809,2147,-350,72,1,12.2,35,ramp,no_load,-16.637
8.582471,0.021147,elbow_flex,10,15.1706,9.791,14.8535,2141,-350,76,1,12.2,35,ramp,no_load,-49.825
8.593382,0.032058,elbow_flex,10,14.8115,9.791,14.502,2137,-350,96,2,12.2,35,ramp,no_load,-32.215
8.603551,0.042228,elbow_flex,10,14.632,9.791,14.3262,2135,-400,176,8,12.2,35,ramp,no_load,-17.288
8.613713,0.052389,elbow_flex,10,14.2729,9.791,13.9746,2131,-400,208,6,12.2,35,ramp,no_load,-34.599
8.623785,0.062462,elbow_flex,10,14.0036,9.791,13.7109,2128,-250,220,6,12.2,35,ramp,no_load,-26.181
8.633902,0.072578,elbow_flex,10,13.8241,9.791,13.5352,2126,-250,224,4,12.2,35,ramp,no_load,-17.367
8.644478,0.083154,elbow_flex,10,13.465,9.791,13.1836,2122,-250,160,0,12.2,35,ramp,no_load,-33.245
8.65562,0.094296,elbow_flex,10,12.9264,9.791,12.6562,2116,-500,136,1,12.2,35,ramp,no_load,-47.334
8.666283,0.10496,elbow_flex,10,12.4776,9.791,12.2168,2111,-500,80,0,12.2,35,ramp,no_load,-41.208
8.676814,0.11549,elbow_flex,10,12.0287,9.791,11.7773,2106,-450,64,0,12.2,35,ramp,no_load,-41.734
8.688236,3e-06,elbow_flex,6,11.7594,5.8746,11.5137,2103,-450,56,0,12.2,35,ramp,no_load,-23.078
8.698831,0.010597,elbow_flex,6,11.4901,5.8746,11.25,2100,-250,52,0,12.2,35,ramp,no_load,-24.889
8.709806,0.021572,elbow_flex,6,10.9515,5.8746,10.7227,2094,-250,72,1,12.2,35,ramp,no_load,-48.046
8.72043,0.032197,elbow_flex,6,10.6822,5.8746,10.459,2091,-450,92,3,12.2,35,ramp,no_load,-24.821
8.731479,0.043246,elbow_flex,6,10.4129,5.8746,10.1953,2088,-450,156,5,12.2,35,ramp,no_load,-23.866
8.742307,0.054074,elbow_flex,6,10.1436,5.8746,9.9316,2085,-300,204,7,12.2,35,ramp,no_load,-24.354
8.752484,0.064251,elbow_flex,6,9.8743,5.8746,9.668,2082,-300,216,5,12.2,35,ramp,no_load,-25.902
8.762905,0.074671,elbow_flex,6,9.605,5.8746,9.4043,2079,-300,184,1,12.2,35,ramp,no_load,-25.305
8.773443,0.08521,elbow_flex,6,9.1562,5.8746,8.9648,2074,-350,168,1,12.2,35,ramp,no_load,-41.706
8.78407,0.095837,elbow_flex,6,8.7074,5.8746,8.5254,2069,-350,92,0,12.2,35,ramp,no_load,-41.348
8.794971,0.106737,elbow_flex,6,8.1688,5.8746,7.998,2063,-500,72,0,12.2,35,ramp,no_load,-48.381
8.806028,0.117794,elbow_flex,6,7.8097,5.8746,7.6465,2059,-500,56,0,12.2,35,ramp,no_load,-31.79
8.817204,1e-06,elbow_flex,2,7.4506,1.9582,7.2949,2055,-400,36,0,12.2,35,ramp,no_load,-31.46
8.8278,0.010597,elbow_flex,2,7.0018,1.9582,6.8555,2050,-400,28,0,12.2,35,ramp,no_load,-41.468
8.838854,0.021652,elbow_flex,2,6.8223,1.9582,6.6797,2048,-400,44,1,12.2,35,ramp,no_load,-15.904
8.849387,0.032185,elbow_flex,2,6.6427,1.9582,6.5039,2046,-400,116,3,12.2,35,ramp,no_load,-16.69
8.859543,0.042341,elbow_flex,2,6.4632,1.9582,6.3281,2044,-150,144,6,12.2,35,ramp,no_load,-17.31
8.87077,0.053567,elbow_flex,2,6.1041,1.9582,5.9766,2040,-150,216,7,12.2,35,ramp,no_load,-31.308
8.881844,0.064641,elbow_flex,2,5.6553,1.9582,5.5371,2035,-300,196,3,12.2,35,ramp,no_load,-39.688
8.892477,0.075275,elbow_flex,2,5.2962,1.9582,5.1855,2031,-400,188,2,12.2,35,ramp,no_load,-33.067
8.903543,0.08634,elbow_flex,2,4.9372,1.9582,4.834,2027,-400,120,0,12.2,35,ramp,no_load,-31.764
8.913794,0.096592,elbow_flex,2,4.3986,1.9582,4.3066,2021,-450,100,0,12.2,35,ramp,no_load,-51.449
8.924216,0.107014,elbow_flex,2,4.0395,1.9582,3.9551,2017,-450,68,0,12.2,35,ramp,no_load,-33.727
8.934839,0.117637,elbow_flex,2,3.5009,1.9582,3.4277,2011,-500,44,0,12.2,35,ramp,no_load,-49.647
8.945976,1e-06,elbow_flex,-2,3.0521,-1.9582,2.9883,2006,-500,0,0,12.2,35,ramp,no_load,-39.454
8.956833,0.010857,elbow_flex,-2,2.7828,-1.9582,2.7246,2003,-400,0,0,12.2,35,ramp,no_load,-24.288
8.96774,0.021765,elbow_flex,-2,2.693,-1.9582,2.6367,2002,-400,68,2,12.2,35,ramp,no_load,-8.059
8.978362,0.032387,elbow_flex,-2,2.6032,-1.9582,2.5488,2001,-100,100,3,12.2,35,ramp,no_load,-8.275
8.98847,0.042495,elbow_flex,-2,2.3339,-1.9582,2.2852,1998,-100,164,5,12.2,35,ramp,no_load,-26.078
8.999049,0.053074,elbow_flex,-2,2.0646,-1.9582,2.0215,1995,-250,188,5,12.2,35,ramp,no_load,-24.927
9.009226,0.063251,elbow_flex,-2,1.7953,-1.9582,1.7578,1992,-250,220,6,12.2,35,ramp,no_load,-25.911
9.020242,0.074267,elbow_flex,-2,1.526,-1.9582,1.4941,1989,-300,184,1,12.2,35,ramp,no_load,-23.938
9.031268,0.085293,elbow_flex,-2,0.9874,-1.9582,0.9668,1983,-300,160,0,12.2,35,ramp,no_load,-47.823
9.042356,0.096381,elbow_flex,-2,0.4488,-1.9582,0.4395,1977,-400,80,0,12.2,35,ramp,no_load,-47.556
9.053445,0.107469,elbow_flex,-2,0.0898,-1.9582,0.0879,1973,-500,60,0,12.2,35,ramp,no_load,-31.707
9.064071,0.118096,elbow_flex,-2,-0.4488,-1.9582,-0.4395,1967,-500,36,0,12.2,35,ramp,no_load,-49.633
9.075643,1e-06,elbow_flex,-6,-0.9874,-5.8746,-0.9668,1961,-550,1044,0,12.2,35,ramp,no_load,-45.567
9.086247,0.010605,elbow_flex,-6,-1.2567,-5.8746,-1.2305,1958,-550,0,0,12.2,35,ramp,no_load,-24.868
9.096372,0.02073,elbow_flex,-6,-1.3465,-5.8746,-1.3184,1957,-200,32,0,12.2,35,ramp,no_load,-8.681
9.106833,0.031191,elbow_flex,-6,-1.526,-5.8746,-1.4941,1955,-200,112,3,12.2,35,ramp,no_load,-16.796
9.117322,0.04168,elbow_flex,-6,-1.7953,-5.8746,-1.7578,1952,-200,136,4,12.2,35,ramp,no_load,-25.141
9.127899,0.052257,elbow_flex,-6,-2.0646,-5.8746,-2.0215,1949,-200,204,6,12.2,35,ramp,no_load,-24.931
9.138902,0.063261,elbow_flex,-6,-2.4237,-5.8746,-2.373,1945,-300,192,3,12.2,35,ramp,no_load,-31.946
9.149536,0.073894,elbow_flex,-6,-2.6032,-5.8746,-2.5488,1943,-300,196,3,12.2,35,ramp,no_load,-16.532
9.15964,0.083998,elbow_flex,-6,-3.0521,-5.8746,-2.9883,1938,-250,128,0,12.2,35,ramp,no_load,-43.498
9.170226,0.094584,elbow_flex,-6,-3.5009,-5.8746,-3.4277,1933,-250,108,0,12.2,35,ramp,no_load,-41.508
9.181282,0.105641,elbow_flex,-6,-3.9497,-5.8746,-3.8672,1928,-500,68,0,12.2,35,ramp,no_load,-39.752
9.192437,0.116795,elbow_flex,-6,-4.4883,-5.8746,-4.3945,1922,-500,44,0,12.2,34,ramp,no_load,-47.27
9.203158,1e-06,elbow_flex,-10,-5.0269,-9.791,-4.9219,1916,-500,1048,0,12.2,35,ramp,no_load,-49.193
9.213743,0.010586,elbow_flex,-10,-5.2962,-9.791,-5.1855,1913,-450,1048,0,12.2,35,ramp,no_load,-24.903
9.224935,0.021778,elbow_flex,-10,-5.386,-9.791,-5.2734,1912,-450,64,2,12.2,35,ramp,no_load,-7.854
9.235559,0.032402,elbow_flex,-10,-5.4758,-9.791,-5.3613,1911,-150,92,1,12.2,35,ramp,no_load,-8.274
9.245689,0.042532,elbow_flex,-10,-5.6553,-9.791,-5.5371,1909,-150,164,5,12.2,35,ramp,no_load,-17.354
9.256507,0.05335,elbow_flex,-10,-6.0144,-9.791,-5.8887,1905,-200,188,5,12.2,34,ramp,no_load,-32.501
9.266875,0.063718,elbow_flex,-10,-6.3734,-9.791,-6.2402,1901,-200,212,4,12.2,35,ramp,no_load,-33.902
9.277501,0.074344,elbow_flex,-10,-6.4632,-9.791,-6.3281,1900,-300,184,1,12.2,35,ramp,no_load,-8.272
9.287693,0.084536,elbow_flex,-10,-6.912,-9.791,-6.7676,1895,-300,160,0,12.2,35,ramp,no_load,-43.122
9.298286,0.095129,elbow_flex,-10,-7.4506,-9.791,-7.2949,1889,-400,76,0,12.2,35,ramp,no_load,-49.778
9.309087,0.10593,elbow_flex,-10,-7.8995,-9.791,-7.7344,1884,-400,60,0,12.2,35,ramp,no_load,-40.691
9.319686,0.11653,elbow_flex,-10,-8.4381,-9.791,-8.2617,1878,-500,40,0,12.2,35,ramp,no_load,-49.75
9.330358,1e-06,elbow_flex,-14,-8.9767,-13.7074,-8.7891,1872,-550,1044,0,12.2,35,ramp,no_load,-49.419
9.340526,0.010169,elbow_flex,-14,-9.1562,-13.7074,-8.9648,1870,-550,24,0,12.2,35,ramp,no_load,-17.28
9.35103,0.020673,elbow_flex,-14,-9.4255,-13.7074,-9.2285,1867,-200,32,0,12.2,35,ramp,no_load,-25.105
9.361606,0.031249,elbow_flex,-14,-9.5153,-13.7074,-9.3164,1866,-200,108,2,12.2,35,ramp,no_load,-8.311
9.371714,0.041357,elbow_flex,-14,-9.8743,-13.7074,-9.668,1862,-250,136,3,12.2,35,ramp,no_load,-34.784
9.382319,0.051962,elbow_flex,-14,-10.1436,-13.7074,-9.9316,1859,-250,196,4,12.2,35,ramp,no_load,-24.856
9.392459,0.062102,elbow_flex,-14,-10.5027,-13.7074,-10.2832,1855,-350,204,4,12.2,35,ramp,no_load,-34.675
9.403086,0.072729,elbow_flex,-14,-10.8618,-13.7074,-10.6348,1851,-350,164,1,12.2,35,ramp,no_load,-33.086
9.414246,0.083889,elbow_flex,-14,-11.1311,-13.7074,-10.8984,1848,-350,152,0,12.2,35,ramp,no_load,-23.62
9.424402,0.094045,elbow_flex,-14,-11.5799,-13.7074,-11.3379,1843,-350,104,0,12.2,35,ramp,no_load,-43.275
9.434829,0.104472,elbow_flex,-14,-12.0287,-13.7074,-11.7773,1838,-450,80,0,12.2,35,ramp,no_load,-42.141
9.44585,0.115493,elbow_flex,-14,-12.6571,-13.7074,-12.3926,1831,-450,28,0,12.2,35,ramp,no_load,-55.83
9.456614,2e-06,elbow_flex,-18,-13.1059,-17.6238,-12.832,1826,-600,1052,0,12.2,35,ramp,no_load,-40.821
9.467192,0.01058,elbow_flex,-18,-13.2855,-17.6238,-13.0078,1824,-600,1052,0,12.2,35,ramp,no_load,-16.619
9.477327,0.020715,elbow_flex,-18,-13.3752,-17.6238,-13.0957,1823,-250,84,3,12.2,35,ramp,no_load,-8.673
9.487912,0.0313,elbow_flex,-18,-13.465,-17.6238,-13.1836,1822,-250,112,3,12.2,35,ramp,no_load,-8.304
9.498063,0.041451,elbow_flex,-18,-13.6445,-17.6238,-13.3594,1820,-50,176,5,12.2,35,ramp,no_load,-17.318
9.509101,0.052489,elbow_flex,-18,-13.9138,-17.6238,-13.623,1817,-250,204,6,12.2,35,ramp,no_load,-23.881
9.519697,0.063085,elbow_flex,-18,-14.2729,-17.6238,-13.9746,1813,-250,212,4,12.2,35,ramp,no_load,-33.182
9.530279,0.073667,elbow_flex,-18,-14.4524,-17.6238,-14.1504,1811,-300,212,4,12.2,35,ramp,no_load,-16.613
9.54129,0.084678,elbow_flex,-18,-14.991,-17.6238,-14.6777,1805,-300,140,0,12.2,35,ramp,no_load,-47.888
9.5519,0.095288,elbow_flex,-18,-15.6194,-17.6238,-15.293,1798,-550,112,0,12.2,35,ramp,no_load,-57.992
9.562451,0.105839,elbow_flex,-18,-16.158,-17.6238,-15.8203,1792,-550,52,0,12.2,35,ramp,no_load,-49.976
9.573043,0.116431,elbow_flex,-18,-16.7864,-17.6238,-16.4355,1785,-600,20,0,12.2,35,ramp,no_load,-58.082
9.584114,1e-06,elbow_flex,-22,-17.2352,-21.5402,-16.875,1780,-600,1060,1,12.2,35,ramp,no_load,-39.698
9.594743,0.01063,elbow_flex,-22,-17.325,-21.5402,-16.9629,1779,-400,1056,0,12.2,35,ramp,no_load,-8.27
9.604817,0.020704,elbow_flex,-22,-17.5045,-21.5402,-17.1387,1777,-400,56,0,12.2,35,ramp,no_load,-17.451
9.615423,0.03131,elbow_flex,-22,-17.684,-21.5402,-17.3145,1775,-200,112,2,12.2,35,ramp,no_load,-16.576
9.625582,0.041469,elbow_flex,-22,-17.9533,-21.5402,-17.5781,1772,-200,140,2,12.2,35,ramp,no_load,-25.947
9.63621,0.052097,elbow_flex,-22,-18.3124,-21.5402,-17.9297,1768,-250,184,4,12.2,35,ramp,no_load,-33.082
9.646325,0.062212,elbow_flex,-22,-18.6715,-21.5402,-18.2813,1764,-250,192,2,12.2,35,ramp,no_load,-34.76
9.65662,0.072507,elbow_flex,-22,-19.0305,-21.5402,-18.6328,1760,-400,152,0,12.2,35,ramp,no_load,-34.143
9.667014,0.082901,elbow_flex,-22,-19.2998,-21.5402,-18.8965,1757,-400,140,0,12.2,35,ramp,no_load,-25.37
9.677556,0.093443,elbow_flex,-22,-19.7487,-21.5402,-19.3359,1752,-350,84,0,12.2,35,ramp,no_load,-41.681
9.688551,0.104438,elbow_flex,-22,-20.377,-21.5402,-19.9512,1745,-550,48,0,12.2,35,ramp,no_load,-55.962
9.699543,0.115431,elbow_flex,-22,-20.9156,-21.5402,-20.4785,1739,-550,1048,1,12.2,35,ramp,no_load,-47.971
9.711044,1e-06,elbow_flex,-26,-21.1849,-25.4566,-20.7422,1736,-450,1060,1,12.2,35,ramp,no_load,-22.928
9.721439,0.010396,elbow_flex,-26,-21.3645,-25.4566,-20.918,1734,-450,32,0,12.2,35,ramp,no_load,-16.912
9.732062,0.021019,elbow_flex,-26,-21.4542,-25.4566,-21.0059,1733,-100,48,0,12.2,35,ramp,no_load,-8.274
9.742264,0.031222,elbow_flex,-26,-21.6338,-25.4566,-21.1816,1731,-100,108,2,12.2,35,ramp,no_load,-17.222
9.752842,0.041799,elbow_flex,-26,-21.8133,-25.4566,-21.3574,1729,-150,136,4,12.2,35,ramp,no_load,-16.619
9.762929,0.051887,elbow_flex,-26,-22.0826,-25.4566,-21.6211,1726,-150,200,5,12.2,35,ramp,no_load,-26.143
9.773219,0.062176,elbow_flex,-26,-22.4417,-25.4566,-21.9727,1722,-300,212,3,12.2,35,ramp,no_load,-34.169
9.783798,0.072755,elbow_flex,-26,-22.711,-25.4566,-22.2363,1719,-300,188,2,12.2,35,ramp,no_load,-24.917
9.794423,0.08338,elbow_flex,-26,-23.1598,-25.4566,-22.6758,1714,-400,116,0,12.2,35,ramp,no_load,-41.365
9.804893,0.093851,elbow_flex,-26,-23.7882,-25.4566,-23.291,1707,-400,88,0,12.2,35,ramp,no_load,-58.758
9.815526,0.104483,elbow_flex,-26,-24.5063,-25.4566,-23.9941,1699,-600,24,0,12.2,35,ramp,no_load,-66.124
9.826078,0.115036,elbow_flex,-26,-24.9551,-25.4566,-24.4336,1694,-600,1052,0,12.2,35,ramp,no_load,-41.651
9.837158,1e-06,elbow_flex,-30,-25.1346,-29.373,-24.6094,1692,-550,20,0,12.2,35,ramp,no_load,-15.866
9.847785,0.010629,elbow_flex,-30,-25.4039,-29.373,-24.873,1689,-250,20,0,12.2,35,ramp,no_load,-24.805
9.858902,0.021745,elbow_flex,-30,-25.5835,-29.373,-25.0488,1687,-250,64,0,12.2,35,ramp,no_load,-15.814
9.869921,0.032764,elbow_flex,-30,-25.763,-29.373,-25.2246,1685,-150,92,0,12.2,35,ramp,no_load,-15.954
9.880375,0.043218,elbow_flex,-30,-25.9425,-29.373,-25.4004,1683,-150,156,3,12.2,35,ramp,no_load,-16.817
9.891085,0.053928,elbow_flex,-30,-26.3016,-29.373,-25.752,1679,-250,180,4,12.2,35,ramp,no_load,-32.829
9.90171,0.064553,elbow_flex,-30,-26.6607,-29.373,-26.1035,1675,-250,192,3,12.2,35,ramp,no_load,-33.082
9.912067,0.07491,elbow_flex,-30,-27.1095,-29.373,-26.543,1670,-400,188,0,12.2,35,ramp,no_load,-42.435
9.922699,0.085543,elbow_flex,-30,-27.4686,-29.373,-26.8945,1666,-400,116,0,12.2,35,ramp,no_load,-33.061
9.933318,0.096161,elbow_flex,-30,-28.0969,-29.373,-27.5098,1659,-450,48,0,12.2,35,ramp,no_load,-57.943
9.9438,0.106644,elbow_flex,-30,-28.6355,-29.373,-28.0371,1653,-450,24,0,12.2,35,ramp,no_load,-50.305
9.954921,0.117764,elbow_flex,-30,-28.9946,-29.373,-28.3887,1649,-600,0,0,12.2,35,ramp,no_load,-31.616
9.96606,1e-06,elbow_flex,-30,-29.2639,-29.373,-28.6523,1646,-300,1048,1,12.2,35,ramp,no_load,-23.665
9.976588,0.010529,elbow_flex,-30,-29.4434,-29.373,-28.8281,1644,-300,0,0,12.2,35,ramp,no_load,-16.698
9.987212,0.021153,elbow_flex,-30,-29.5332,-29.373,-28.916,1643,-150,1044,1,12.2,35,ramp,no_load,-8.274
9.997318,0.031259,elbow_flex,-30,-29.5332,-29.373,-28.916,1643,-150,28,0,12.2,35,ramp,no_load,0.0
10.00807,0.042012,elbow_flex,-30,-29.5332,-29.373,-28.916,1643,0,28,0,12.2,35,ramp,no_load,0.0
10.019025,0.052966,elbow_flex,-30,-29.623,-29.373,-29.0039,1642,0,28,0,12.2,35,ramp,no_load,-8.024
10.030146,1e-06,elbow_flex,-22,-29.623,-21.5402,-29.0039,1642,-50,28,0,12.2,35,ramp,no_load,0.0
10.040609,0.010464,elbow_flex,-22,-29.7127,-21.5402,-29.0918,1641,-50,0,0,12.2,35,ramp,no_load,-8.401
10.051202,0.021056,elbow_flex,-22,-29.8025,-21.5402,-29.1797,1640,-50,1056,0,12.2,35,ramp,no_load,-8.298
10.061849,0.031703,elbow_flex,-22,-29.8025,-21.5402,-29.1797,1640,-50,1112,3,12.2,35,ramp,no_load,0.0
10.072484,0.042339,elbow_flex,-22,-29.8025,-21.5402,-29.1797,1640,-50,1200,12,12.1,35,ramp,no_load,0.0
10.083121,0.052976,elbow_flex,-22,-29.8025,-21.5402,-29.1797,1640,-50,1256,18,12.2,35,ramp,no_load,0.0
10.094738,1e-06,elbow_flex,-14,-29.623,-13.7074,-29.0039,1642,0,1344,33,12.1,35,ramp,no_load,15.133
10.105363,0.010626,elbow_flex,-14,-29.2639,-13.7074,-28.6523,1646,300,1396,35,12.1,35,ramp,no_load,33.092
10.116095,0.021358,elbow_flex,-14,-28.7253,-13.7074,-28.125,1652,300,1436,54,12.1,35,ramp,no_load,49.133
10.126674,0.031937,elbow_flex,-14,-28.0072,-13.7074,-27.4219,1660,650,1488,44,12.1,35,ramp,no_load,66.462
10.136828,0.042091,elbow_flex,-14,-27.1095,-13.7074,-26.543,1670,650,1508,39,12.1,35,ramp,no_load,86.557
10.147469,0.052732,elbow_flex,-14,-26.0323,-13.7074,-25.4883,1682,1000,1520,32,12.1,35,ramp,no_load,99.117
10.159166,1e-06,elbow_flex,-6,-24.6858,-5.8746,-24.1699,1697,1000,1448,14,12.1,35,ramp,no_load,112.713
10.169789,0.010624,elbow_flex,-6,-23.4291,-5.8746,-22.9395,1711,1250,1444,17,12.1,35,ramp,no_load,115.824
10.180407,0.021242,elbow_flex,-6,-22.1724,-5.8746,-21.709,1725,1250,1424,10,12.2,35,ramp,no_load,115.888
10.190471,0.031306,elbow_flex,-6,-21.0054,-5.8746,-20.5664,1738,1300,1444,18,12.2,35,ramp,no_load,113.533
10.201456,0.042292,elbow_flex,-6,-19.7487,-5.8746,-19.3359,1752,1300,1496,16,12.2,35,ramp,no_load,112.016
10.211814,0.052649,elbow_flex,-6,-18.4919,-5.8746,-18.1055,1766,1300,1480,10,12.2,35,ramp,no_load,118.787
10.222489,1e-06,elbow_flex,2,-17.1454,1.9582,-16.7871,1781,1300,1464,9,12.2,35,ramp,no_load,123.504
10.233095,0.010607,elbow_flex,2,-15.7989,1.9582,-15.4688,1796,1400,1420,7,12.2,35,ramp,no_load,124.298
10.243888,0.021401,elbow_flex,2,-14.4524,1.9582,-14.1504,1811,1350,1424,10,12.2,35,ramp,no_load,122.153
10.254511,0.032023,elbow_flex,2,-13.3752,1.9582,-13.0957,1823,1350,1488,20,12.2,35,ramp,no_load,99.285
10.264581,0.042094,elbow_flex,2,-12.1185,1.9582,-11.8652,1837,1300,1500,16,12.2,35,ramp,no_load,122.195
10.275044,0.052556,elbow_flex,2,-10.772,1.9582,-10.5469,1852,1300,1496,13,12.2,35,ramp,no_load,125.996
10.286262,1e-06,elbow_flex,10,-9.3357,9.791,-9.1406,1868,1400,1480,9,12.1,35,ramp,no_load,125.361
10.296717,0.010457,elbow_flex,10,-7.9892,9.791,-7.8223,1883,1400,1432,4,12.2,35,ramp,no_load,126.093
10.306866,0.020606,elbow_flex,10,-6.7325,9.791,-6.5918,1897,1400,1436,7,12.2,35,ramp,no_load,121.243
10.317454,0.031194,elbow_flex,10,-5.386,9.791,-5.2734,1912,1400,1472,12,12.2,35,ramp,no_load,124.518
10.328106,0.041846,elbow_flex,10,-4.219,9.791,-4.1309,1925,1350,1480,11,12.2,35,ramp,no_load,107.257
10.339124,0.052864,elbow_flex,10,-2.7828,9.791,-2.7246,1941,1350,1508,12,12.2,35,ramp,no_load,127.637
10.350246,1e-06,elbow_flex,18,-1.167,17.6238,-1.1426,1959,1400,1488,2,12.2,35,ramp,no_load,142.241
10.360727,0.010483,elbow_flex,18,0.0898,17.6238,0.0879,1973,1400,1432,4,12.2,35,ramp,no_load,117.403
10.371309,0.021065,elbow_flex,18,1.526,17.6238,1.4941,1989,1500,1432,7,12.2,35,ramp,no_load,132.886
10.381816,0.031572,elbow_flex,18,2.7828,17.6238,2.7246,2003,1500,1444,8,12.2,35,ramp,no_load,117.112
10.392896,0.042652,elbow_flex,18,4.219,17.6238,4.1309,2019,1400,1492,14,12.2,35,ramp,no_load,126.922
10.403337,0.053092,elbow_flex,18,5.5655,17.6238,5.4492,2034,1400,1488,10,12.1,35,ramp,no_load,126.262
10.41449,1e-06,elbow_flex,26,7.0018,25.4566,6.8555,2050,1400,1444,1,12.2,35,ramp,no_load,126.092
10.424644,0.010155,elbow_flex,26,8.3483,25.4566,8.1738,2065,1450,1432,2,12.2,35,ramp,no_load,129.831
10.435266,0.020777,elbow_flex,26,9.7846,25.4566,9.5801,2081,1450,1416,3,12.2,35,ramp,no_load,132.395
10.445336,0.030847,elbow_flex,26,11.0413,25.4566,10.8105,2095,1450,1428,4,12.2,35,ramp,no_load,122.185
10.455933,0.041443,elbow_flex,26,12.5673,25.4566,12.3047,2112,1450,1464,8,12.2,35,ramp,no_load,141.002
10.466543,0.052054,elbow_flex,26,14.0934,25.4566,13.7988,2129,1500,1460,5,12.2,35,ramp,no_load,140.82
